sess0001, 000000, None, None, GVWY, 2, 20, 0.100000, SHVR, 0, 20, 0.000000, ZIC, 23, 20, 1.150000, ZIP, 0, 20, 0.000000, N, N, 
sess0001, 000008, 129, 146, GVWY, 2, 20, 0.100000, SHVR, 0, 20, 0.000000, ZIC, 108, 20, 5.400000, ZIP, 0, 20, 0.000000, 129, 146, 
sess0001, 000008, 126, 145, GVWY, 2, 20, 0.100000, SHVR, 0, 20, 0.000000, ZIC, 108, 20, 5.400000, ZIP, 69, 20, 3.450000, 126, 145, 
sess0001, 000009, 100, 145, GVWY, 2, 20, 0.100000, SHVR, 0, 20, 0.000000, ZIC, 143, 20, 7.150000, ZIP, 85, 20, 4.250000, 100, 145, 
sess0001, 000011, 120, 144, GVWY, 30, 20, 1.500000, SHVR, 18, 20, 0.900000, ZIC, 143, 20, 7.150000, ZIP, 85, 20, 4.250000, 120, 144, 
sess0001, 000013, 120, 144, GVWY, 34, 20, 1.700000, SHVR, 18, 20, 0.900000, ZIC, 149, 20, 7.450000, ZIP, 85, 20, 4.250000, 120, 144, 
sess0001, 000014, 125, 144, GVWY, 39, 20, 1.950000, SHVR, 49, 20, 2.450000, ZIC, 149, 20, 7.450000, ZIP, 85, 20, 4.250000, 125, 144, 
sess0001, 000016, 111, 130, GVWY, 76, 20, 3.800000, SHVR, 49, 20, 2.450000, ZIC, 149, 20, 7.450000, ZIP, 86, 20, 4.300000, 111, 130, 
sess0001, 000018, 111, 129, GVWY, 76, 20, 3.800000, SHVR, 52, 20, 2.600000, ZIC, 149, 20, 7.450000, ZIP, 114, 20, 5.700000, 111, 129, 
sess0001, 000021, 103, 115, GVWY, 137, 20, 6.850000, SHVR, 52, 20, 2.600000, ZIC, 149, 20, 7.450000, ZIP, 114, 20, 5.700000, 103, 115, 
sess0001, 000022, 103, 110, GVWY, 137, 20, 6.850000, SHVR, 52, 20, 2.600000, ZIC, 149, 20, 7.450000, ZIP, 166, 20, 8.300000, 103, 110, 
sess0001, 000023, 79, 105, GVWY, 137, 20, 6.850000, SHVR, 54, 20, 2.700000, ZIC, 149, 20, 7.450000, ZIP, 177, 20, 8.850000, 79, 105, 
sess0001, 000025, 92, 102, GVWY, 137, 20, 6.850000, SHVR, 100, 20, 5.000000, ZIC, 172, 20, 8.600000, ZIP, 177, 20, 8.850000, 92, 102, 
sess0001, 000025, 92, 102, GVWY, 186, 20, 9.300000, SHVR, 131, 20, 6.550000, ZIC, 172, 20, 8.600000, ZIP, 177, 20, 8.850000, 92, 102, 
sess0001, 000027, 95, 97, GVWY, 186, 20, 9.300000, SHVR, 167, 20, 8.350000, ZIC, 172, 20, 8.600000, ZIP, 177, 20, 8.850000, 95, 97, 
sess0001, 000027, 93, 97, GVWY, 224, 20, 11.200000, SHVR, 180, 20, 9.000000, ZIC, 172, 20, 8.600000, ZIP, 177, 20, 8.850000, 93, 97, 
sess0001, 000028, 93, 95, GVWY, 224, 20, 11.200000, SHVR, 180, 20, 9.000000, ZIC, 172, 20, 8.600000, ZIP, 195, 20, 9.750000, 93, 95, 
sess0001, 000029, 93, 102, GVWY, 224, 20, 11.200000, SHVR, 180, 20, 9.000000, ZIC, 175, 20, 8.750000, ZIP, 215, 20, 10.750000, 93, 102, 
sess0001, 000031, 93, 100, GVWY, 224, 20, 11.200000, SHVR, 180, 20, 9.000000, ZIC, 175, 20, 8.750000, ZIP, 248, 20, 12.400000, 93, 100, 
sess0001, 000032, 93, 102, GVWY, 224, 20, 11.200000, SHVR, 218, 20, 10.900000, ZIC, 196, 20, 9.800000, ZIP, 248, 20, 12.400000, 93, 102, 
sess0001, 000033, 93, 103, GVWY, 224, 20, 11.200000, SHVR, 239, 20, 11.950000, ZIC, 216, 20, 10.800000, ZIP, 248, 20, 12.400000, 93, 103, 
sess0001, 000035, 93, 103, GVWY, 233, 20, 11.650000, SHVR, 286, 20, 14.300000, ZIC, 216, 20, 10.800000, ZIP, 248, 20, 12.400000, 93, 103, 
sess0001, 000037, 93, 103, GVWY, 233, 20, 11.650000, SHVR, 286, 20, 14.300000, ZIC, 251, 20, 12.550000, ZIP, 280, 20, 14.000000, 93, 103, 
sess0001, 000037, 93, 109, GVWY, 267, 20, 13.350000, SHVR, 286, 20, 14.300000, ZIC, 251, 20, 12.550000, ZIP, 280, 20, 14.000000, 93, 109, 
sess0001, 000040, 96, 101, GVWY, 268, 20, 13.400000, SHVR, 305, 20, 15.250000, ZIC, 251, 20, 12.550000, ZIP, 280, 20, 14.000000, 96, 101, 
sess0001, 000043, 97, 99, GVWY, 268, 20, 13.400000, SHVR, 332, 20, 16.600000, ZIC, 251, 20, 12.550000, ZIP, 325, 20, 16.250000, 97, 99, 
sess0001, 000044, 97, 101, GVWY, 268, 20, 13.400000, SHVR, 332, 20, 16.600000, ZIC, 282, 20, 14.100000, ZIP, 325, 20, 16.250000, 97, 101, 
sess0001, 000044, 97, 101, GVWY, 268, 20, 13.400000, SHVR, 341, 20, 17.050000, ZIC, 282, 20, 14.100000, ZIP, 364, 20, 18.200000, 97, 101, 
sess0001, 000047, 98, 101, GVWY, 268, 20, 13.400000, SHVR, 341, 20, 17.050000, ZIC, 282, 20, 14.100000, ZIP, 393, 20, 19.650000, 98, 101, 
sess0001, 000049, 99, 101, GVWY, 317, 20, 15.850000, SHVR, 341, 20, 17.050000, ZIC, 282, 20, 14.100000, ZIP, 400, 20, 20.000000, 99, 101, 
sess0001, 000049, 98, 109, GVWY, 317, 20, 15.850000, SHVR, 372, 20, 18.600000, ZIC, 282, 20, 14.100000, ZIP, 400, 20, 20.000000, 98, 109, 
sess0001, 000049, 94, 109, GVWY, 317, 20, 15.850000, SHVR, 372, 20, 18.600000, ZIC, 282, 20, 14.100000, ZIP, 441, 20, 22.050000, 94, 109, 
sess0001, 000053, 93, 98, GVWY, 349, 20, 17.450000, SHVR, 407, 20, 20.350000, ZIC, 282, 20, 14.100000, ZIP, 441, 20, 22.050000, 93, 98, 
sess0001, 000055, 96, 103, GVWY, 349, 20, 17.450000, SHVR, 407, 20, 20.350000, ZIC, 323, 20, 16.150000, ZIP, 441, 20, 22.050000, 96, 103, 
sess0001, 000055, 95, 103, GVWY, 388, 20, 19.400000, SHVR, 455, 20, 22.750000, ZIC, 323, 20, 16.150000, ZIP, 441, 20, 22.050000, 95, 103, 
sess0001, 000056, 93, 103, GVWY, 388, 20, 19.400000, SHVR, 455, 20, 22.750000, ZIC, 365, 20, 18.250000, ZIP, 443, 20, 22.150000, 93, 103, 
sess0001, 000057, 93, 103, GVWY, 440, 20, 22.000000, SHVR, 455, 20, 22.750000, ZIC, 365, 20, 18.250000, ZIP, 468, 20, 23.400000, 93, 103, 
sess0001, 000057, 87, 103, GVWY, 440, 20, 22.000000, SHVR, 455, 20, 22.750000, ZIC, 375, 20, 18.750000, ZIP, 468, 20, 23.400000, 87, 103, 
sess0001, 000059, 87, 102, GVWY, 444, 20, 22.200000, SHVR, 455, 20, 22.750000, ZIC, 375, 20, 18.750000, ZIP, 502, 20, 25.100000, 87, 102, 
sess0001, 000062, 87, 94, GVWY, 475, 20, 23.750000, SHVR, 483, 20, 24.150000, ZIC, 375, 20, 18.750000, ZIP, 502, 20, 25.100000, 87, 94, 
sess0001, 000063, 87, 94, GVWY, 530, 20, 26.500000, SHVR, 495, 20, 24.750000, ZIC, 375, 20, 18.750000, ZIP, 502, 20, 25.100000, 87, 94, 
sess0001, 000065, 88, 92, GVWY, 530, 20, 26.500000, SHVR, 516, 20, 25.800000, ZIC, 375, 20, 18.750000, ZIP, 553, 20, 27.650000, 88, 92, 
sess0001, 000065, 88, 103, GVWY, 588, 20, 29.400000, SHVR, 516, 20, 25.800000, ZIC, 375, 20, 18.750000, ZIP, 570, 20, 28.500000, 88, 103, 
sess0001, 000066, 88, 109, GVWY, 588, 20, 29.400000, SHVR, 516, 20, 25.800000, ZIC, 396, 20, 19.800000, ZIP, 570, 20, 28.500000, 88, 109, 
sess0001, 000069, 104, 111, GVWY, 588, 20, 29.400000, SHVR, 516, 20, 25.800000, ZIC, 426, 20, 21.300000, ZIP, 571, 20, 28.550000, 104, 111, 
sess0001, 000069, 105, 116, GVWY, 614, 20, 30.700000, SHVR, 516, 20, 25.800000, ZIC, 426, 20, 21.300000, ZIP, 571, 20, 28.550000, 105, 116, 
sess0001, 000070, 105, 114, GVWY, 614, 20, 30.700000, SHVR, 555, 20, 27.750000, ZIC, 466, 20, 23.300000, ZIP, 571, 20, 28.550000, 105, 114, 
sess0001, 000070, 105, 114, GVWY, 614, 20, 30.700000, SHVR, 555, 20, 27.750000, ZIC, 466, 20, 23.300000, ZIP, 607, 20, 30.350000, 105, 114, 
sess0001, 000070, 105, 114, GVWY, 614, 20, 30.700000, SHVR, 555, 20, 27.750000, ZIC, 488, 20, 24.400000, ZIP, 608, 20, 30.400000, 105, 114, 
sess0001, 000072, 87, 110, GVWY, 620, 20, 31.000000, SHVR, 555, 20, 27.750000, ZIC, 488, 20, 24.400000, ZIP, 630, 20, 31.500000, 87, 110, 
sess0001, 000076, 89, 102, GVWY, 620, 20, 31.000000, SHVR, 555, 20, 27.750000, ZIC, 488, 20, 24.400000, ZIP, 674, 20, 33.700000, 89, 102, 
sess0001, 000077, 96, 102, GVWY, 620, 20, 31.000000, SHVR, 555, 20, 27.750000, ZIC, 507, 20, 25.350000, ZIP, 691, 20, 34.550000, 96, 102, 
sess0001, 000077, 96, 102, GVWY, 647, 20, 32.350000, SHVR, 555, 20, 27.750000, ZIC, 507, 20, 25.350000, ZIP, 726, 20, 36.300000, 96, 102, 
sess0001, 000079, 97, 98, GVWY, 647, 20, 32.350000, SHVR, 601, 20, 30.050000, ZIC, 507, 20, 25.350000, ZIP, 726, 20, 36.300000, 97, 98, 
sess0001, 000079, 95, 109, GVWY, 647, 20, 32.350000, SHVR, 635, 20, 31.750000, ZIC, 507, 20, 25.350000, ZIP, 764, 20, 38.200000, 95, 109, 
sess0001, 000079, 93, 109, GVWY, 692, 20, 34.600000, SHVR, 635, 20, 31.750000, ZIC, 507, 20, 25.350000, ZIP, 765, 20, 38.250000, 93, 109, 
sess0001, 000080, 88, 109, GVWY, 697, 20, 34.850000, SHVR, 635, 20, 31.750000, ZIC, 507, 20, 25.350000, ZIP, 765, 20, 38.250000, 88, 109, 
sess0001, 000084, 100, 116, GVWY, 697, 20, 34.850000, SHVR, 635, 20, 31.750000, ZIC, 527, 20, 26.350000, ZIP, 765, 20, 38.250000, 100, 116, 
sess0001, 000087, 87, 114, GVWY, 712, 20, 35.600000, SHVR, 635, 20, 31.750000, ZIC, 527, 20, 26.350000, ZIP, 765, 20, 38.250000, 87, 114, 
sess0001, 000092, 87, 95, GVWY, 712, 20, 35.600000, SHVR, 649, 20, 32.450000, ZIC, 527, 20, 26.350000, ZIP, 813, 20, 40.650000, 87, 95, 
sess0001, 000092, 87, 95, GVWY, 712, 20, 35.600000, SHVR, 687, 20, 34.350000, ZIC, 527, 20, 26.350000, ZIP, 846, 20, 42.300000, 87, 95, 
sess0001, 000095, 87, 92, GVWY, 712, 20, 35.600000, SHVR, 757, 20, 37.850000, ZIC, 527, 20, 26.350000, ZIP, 846, 20, 42.300000, 87, 92, 
sess0001, 000096, 88, 92, GVWY, 757, 20, 37.850000, SHVR, 757, 20, 37.850000, ZIC, 527, 20, 26.350000, ZIP, 853, 20, 42.650000, 88, 92, 
sess0001, 000097, 90, 101, GVWY, 757, 20, 37.850000, SHVR, 781, 20, 39.050000, ZIC, 527, 20, 26.350000, ZIP, 872, 20, 43.600000, 90, 101, 
sess0001, 000097, 88, 101, GVWY, 760, 20, 38.000000, SHVR, 834, 20, 41.700000, ZIC, 527, 20, 26.350000, ZIP, 872, 20, 43.600000, 88, 101, 
sess0001, 000098, 88, 99, GVWY, 774, 20, 38.700000, SHVR, 876, 20, 43.800000, ZIC, 527, 20, 26.350000, ZIP, 872, 20, 43.600000, 88, 99, 
sess0001, 000099, 94, 96, GVWY, 774, 20, 38.700000, SHVR, 889, 20, 44.450000, ZIC, 527, 20, 26.350000, ZIP, 892, 20, 44.600000, 94, 96, 
sess0001, 000100, 91, 96, GVWY, 774, 20, 38.700000, SHVR, 889, 20, 44.450000, ZIC, 556, 20, 27.800000, ZIP, 917, 20, 45.850000, 91, 96, 
sess0001, 000102, 87, 98, GVWY, 774, 20, 38.700000, SHVR, 902, 20, 45.100000, ZIC, 556, 20, 27.800000, ZIP, 938, 20, 46.900000, 87, 98, 
sess0001, 000102, 87, 101, GVWY, 774, 20, 38.700000, SHVR, 902, 20, 45.100000, ZIC, 579, 20, 28.950000, ZIP, 938, 20, 46.900000, 87, 101, 
sess0001, 000103, 87, 103, GVWY, 774, 20, 38.700000, SHVR, 902, 20, 45.100000, ZIC, 612, 20, 30.600000, ZIP, 938, 20, 46.900000, 87, 103, 
sess0001, 000105, 88, 103, GVWY, 807, 20, 40.350000, SHVR, 902, 20, 45.100000, ZIC, 623, 20, 31.150000, ZIP, 938, 20, 46.900000, 88, 103, 
sess0001, 000106, 93, 103, GVWY, 807, 20, 40.350000, SHVR, 902, 20, 45.100000, ZIC, 666, 20, 33.300000, ZIP, 938, 20, 46.900000, 93, 103, 
sess0001, 000110, 93, 103, GVWY, 840, 20, 42.000000, SHVR, 902, 20, 45.100000, ZIC, 666, 20, 33.300000, ZIP, 974, 20, 48.700000, 93, 103, 
sess0001, 000111, 95, 111, GVWY, 884, 20, 44.200000, SHVR, 902, 20, 45.100000, ZIC, 666, 20, 33.300000, ZIP, 974, 20, 48.700000, 95, 111, 
sess0001, 000114, 93, 96, GVWY, 928, 20, 46.400000, SHVR, 902, 20, 45.100000, ZIC, 666, 20, 33.300000, ZIP, 976, 20, 48.800000, 93, 96, 
sess0001, 000115, 87, 96, GVWY, 928, 20, 46.400000, SHVR, 902, 20, 45.100000, ZIC, 707, 20, 35.350000, ZIP, 976, 20, 48.800000, 87, 96, 
sess0001, 000119, 94, 96, GVWY, 928, 20, 46.400000, SHVR, 927, 20, 46.350000, ZIC, 736, 20, 36.800000, ZIP, 976, 20, 48.800000, 94, 96, 
sess0001, 000121, 87, 95, GVWY, 928, 20, 46.400000, SHVR, 927, 20, 46.350000, ZIC, 765, 20, 38.250000, ZIP, 988, 20, 49.400000, 87, 95, 
sess0001, 000121, 84, 95, GVWY, 965, 20, 48.250000, SHVR, 927, 20, 46.350000, ZIC, 765, 20, 38.250000, ZIP, 989, 20, 49.450000, 84, 95, 
sess0001, 000122, 84, 95, GVWY, 1020, 20, 51.000000, SHVR, 927, 20, 46.350000, ZIC, 765, 20, 38.250000, ZIP, 1011, 20, 50.550000, 84, 95, 
sess0001, 000122, 87, 96, GVWY, 1020, 20, 51.000000, SHVR, 927, 20, 46.350000, ZIC, 773, 20, 38.650000, ZIP, 1039, 20, 51.950000, 87, 96, 
sess0001, 000122, 87, 101, GVWY, 1036, 20, 51.800000, SHVR, 927, 20, 46.350000, ZIC, 773, 20, 38.650000, ZIP, 1056, 20, 52.800000, 87, 101, 
sess0001, 000123, 84, 88, GVWY, 1036, 20, 51.800000, SHVR, 944, 20, 47.200000, ZIC, 787, 20, 39.350000, ZIP, 1056, 20, 52.800000, 84, 88, 
sess0001, 000124, 86, 93, GVWY, 1036, 20, 51.800000, SHVR, 988, 20, 49.400000, ZIC, 787, 20, 39.350000, ZIP, 1056, 20, 52.800000, 86, 93, 
sess0001, 000127, 87, 90, GVWY, 1036, 20, 51.800000, SHVR, 1015, 20, 50.750000, ZIC, 832, 20, 41.600000, ZIP, 1056, 20, 52.800000, 87, 90, 
sess0001, 000127, 88, 96, GVWY, 1036, 20, 51.800000, SHVR, 1018, 20, 50.900000, ZIC, 832, 20, 41.600000, ZIP, 1073, 20, 53.650000, 88, 96, 
sess0001, 000129, 91, 101, GVWY, 1036, 20, 51.800000, SHVR, 1018, 20, 50.900000, ZIC, 834, 20, 41.700000, ZIP, 1073, 20, 53.650000, 91, 101, 
sess0001, 000129, 91, 103, GVWY, 1082, 20, 54.100000, SHVR, 1018, 20, 50.900000, ZIC, 834, 20, 41.700000, ZIP, 1073, 20, 53.650000, 91, 103, 
sess0001, 000130, 91, 108, GVWY, 1129, 20, 56.450000, SHVR, 1018, 20, 50.900000, ZIC, 834, 20, 41.700000, ZIP, 1073, 20, 53.650000, 91, 108, 
sess0001, 000131, 84, 97, GVWY, 1129, 20, 56.450000, SHVR, 1069, 20, 53.450000, ZIC, 844, 20, 42.200000, ZIP, 1073, 20, 53.650000, 84, 97, 
sess0001, 000134, 83, 93, GVWY, 1156, 20, 57.800000, SHVR, 1069, 20, 53.450000, ZIC, 844, 20, 42.200000, ZIP, 1074, 20, 53.700000, 83, 93, 
sess0001, 000136, 83, 91, GVWY, 1156, 20, 57.800000, SHVR, 1069, 20, 53.450000, ZIC, 844, 20, 42.200000, ZIP, 1156, 20, 57.800000, 83, 91, 
sess0001, 000140, 83, 108, GVWY, 1156, 20, 57.800000, SHVR, 1077, 20, 53.850000, ZIC, 844, 20, 42.200000, ZIP, 1194, 20, 59.700000, 83, 108, 
sess0001, 000141, 107, 111, GVWY, 1185, 20, 59.250000, SHVR, 1077, 20, 53.850000, ZIC, 844, 20, 42.200000, ZIP, 1194, 20, 59.700000, 107, 111, 
sess0001, 000142, 91, 110, GVWY, 1185, 20, 59.250000, SHVR, 1077, 20, 53.850000, ZIC, 913, 20, 45.650000, ZIP, 1194, 20, 59.700000, 91, 110, 
sess0001, 000142, 91, 111, GVWY, 1204, 20, 60.200000, SHVR, 1132, 20, 56.600000, ZIC, 913, 20, 45.650000, ZIP, 1194, 20, 59.700000, 91, 111, 
sess0001, 000145, 98, 100, GVWY, 1204, 20, 60.200000, SHVR, 1141, 20, 57.050000, ZIC, 913, 20, 45.650000, ZIP, 1226, 20, 61.300000, 98, 100, 
sess0001, 000147, 97, 104, GVWY, 1204, 20, 60.200000, SHVR, 1158, 20, 57.900000, ZIC, 913, 20, 45.650000, ZIP, 1240, 20, 62.000000, 97, 104, 
sess0001, 000147, 97, 111, GVWY, 1204, 20, 60.200000, SHVR, 1158, 20, 57.900000, ZIC, 959, 20, 47.950000, ZIP, 1240, 20, 62.000000, 97, 111, 
sess0001, 000150, 98, 100, GVWY, 1204, 20, 60.200000, SHVR, 1158, 20, 57.900000, ZIC, 959, 20, 47.950000, ZIP, 1261, 20, 63.050000, 98, 100, 
sess0001, 000150, 98, 100, GVWY, 1204, 20, 60.200000, SHVR, 1158, 20, 57.900000, ZIC, 959, 20, 47.950000, ZIP, 1297, 20, 64.850000, 98, 100, 
sess0001, 000150, 98, 101, GVWY, 1204, 20, 60.200000, SHVR, 1158, 20, 57.900000, ZIC, 983, 20, 49.150000, ZIP, 1322, 20, 66.100000, 98, 101, 
sess0001, 000152, 97, 101, GVWY, 1241, 20, 62.050000, SHVR, 1158, 20, 57.900000, ZIC, 983, 20, 49.150000, ZIP, 1347, 20, 67.350000, 97, 101, 
sess0001, 000152, 97, 111, GVWY, 1269, 20, 63.450000, SHVR, 1158, 20, 57.900000, ZIC, 983, 20, 49.150000, ZIP, 1347, 20, 67.350000, 97, 111, 
sess0001, 000157, 95, 111, GVWY, 1309, 20, 65.450000, SHVR, 1158, 20, 57.900000, ZIC, 983, 20, 49.150000, ZIP, 1356, 20, 67.800000, 95, 111, 
sess0001, 000157, 95, 114, GVWY, 1309, 20, 65.450000, SHVR, 1158, 20, 57.900000, ZIC, 1011, 20, 50.550000, ZIP, 1356, 20, 67.800000, 95, 114, 
sess0001, 000159, 97, 116, GVWY, 1309, 20, 65.450000, SHVR, 1158, 20, 57.900000, ZIC, 1018, 20, 50.900000, ZIP, 1356, 20, 67.800000, 97, 116, 
sess0001, 000163, 97, 104, GVWY, 1309, 20, 65.450000, SHVR, 1181, 20, 59.050000, ZIC, 1018, 20, 50.900000, ZIP, 1356, 20, 67.800000, 97, 104, 
sess0001, 000166, 101, 111, GVWY, 1318, 20, 65.900000, SHVR, 1181, 20, 59.050000, ZIC, 1018, 20, 50.900000, ZIP, 1385, 20, 69.250000, 101, 111, 
sess0001, 000166, 97, 102, GVWY, 1318, 20, 65.900000, SHVR, 1258, 20, 62.900000, ZIC, 1018, 20, 50.900000, ZIP, 1385, 20, 69.250000, 97, 102, 
sess0001, 000167, 95, 102, GVWY, 1319, 20, 65.950000, SHVR, 1258, 20, 62.900000, ZIC, 1018, 20, 50.900000, ZIP, 1402, 20, 70.100000, 95, 102, 
sess0001, 000171, 97, 100, GVWY, 1319, 20, 65.950000, SHVR, 1287, 20, 64.350000, ZIC, 1053, 20, 52.650000, ZIP, 1402, 20, 70.100000, 97, 100, 
sess0001, 000171, 97, 100, GVWY, 1369, 20, 68.450000, SHVR, 1287, 20, 64.350000, ZIC, 1053, 20, 52.650000, ZIP, 1442, 20, 72.100000, 97, 100, 
sess0001, 000173, 97, 101, GVWY, 1369, 20, 68.450000, SHVR, 1287, 20, 64.350000, ZIC, 1078, 20, 53.900000, ZIP, 1456, 20, 72.800000, 97, 101, 
sess0001, 000174, 97, 101, GVWY, 1369, 20, 68.450000, SHVR, 1333, 20, 66.650000, ZIC, 1078, 20, 53.900000, ZIP, 1456, 20, 72.800000, 97, 101, 
sess0001, 000175, 97, 101, GVWY, 1369, 20, 68.450000, SHVR, 1333, 20, 66.650000, ZIC, 1078, 20, 53.900000, ZIP, 1500, 20, 75.000000, 97, 101, 
sess0001, 000176, 97, 101, GVWY, 1379, 20, 68.950000, SHVR, 1351, 20, 67.550000, ZIC, 1078, 20, 53.900000, ZIP, 1500, 20, 75.000000, 97, 101, 
sess0001, 000179, 95, 101, GVWY, 1426, 20, 71.300000, SHVR, 1351, 20, 67.550000, ZIC, 1078, 20, 53.900000, ZIP, 1529, 20, 76.450000, 95, 101, 
sess0001, 000179, 95, 101, GVWY, 1472, 20, 73.600000, SHVR, 1351, 20, 67.550000, ZIC, 1078, 20, 53.900000, ZIP, 1529, 20, 76.450000, 95, 101, 
sess0001, 000182, 97, 100, GVWY, 1472, 20, 73.600000, SHVR, 1397, 20, 69.850000, ZIC, 1083, 20, 54.150000, ZIP, 1529, 20, 76.450000, 97, 100, 
sess0001, 000184, 98, 101, GVWY, 1472, 20, 73.600000, SHVR, 1397, 20, 69.850000, ZIC, 1117, 20, 55.850000, ZIP, 1562, 20, 78.100000, 98, 101, 
sess0001, 000185, 97, 101, GVWY, 1513, 20, 75.650000, SHVR, 1397, 20, 69.850000, ZIC, 1117, 20, 55.850000, ZIP, 1570, 20, 78.500000, 97, 101, 
sess0001, 000188, 97, 100, GVWY, 1513, 20, 75.650000, SHVR, 1426, 20, 71.300000, ZIC, 1139, 20, 56.950000, ZIP, 1570, 20, 78.500000, 97, 100, 
sess0001, 000189, 97, 99, GVWY, 1513, 20, 75.650000, SHVR, 1436, 20, 71.800000, ZIC, 1139, 20, 56.950000, ZIP, 1593, 20, 79.650000, 97, 99, 
sess0001, 000189, 96, 99, GVWY, 1513, 20, 75.650000, SHVR, 1436, 20, 71.800000, ZIC, 1139, 20, 56.950000, ZIP, 1627, 20, 81.350000, 96, 99, 
sess0001, 000192, 96, 103, GVWY, 1513, 20, 75.650000, SHVR, 1436, 20, 71.800000, ZIC, 1142, 20, 57.100000, ZIP, 1647, 20, 82.350000, 96, 103, 
sess0001, 000193, 96, 103, GVWY, 1513, 20, 75.650000, SHVR, 1436, 20, 71.800000, ZIC, 1186, 20, 59.300000, ZIP, 1693, 20, 84.650000, 96, 103, 
sess0001, 000193, 96, 109, GVWY, 1539, 20, 76.950000, SHVR, 1436, 20, 71.800000, ZIC, 1186, 20, 59.300000, ZIP, 1693, 20, 84.650000, 96, 109, 
sess0001, 000201, 95, 98, GVWY, 1539, 20, 76.950000, SHVR, 1500, 20, 75.000000, ZIC, 1186, 20, 59.300000, ZIP, 1693, 20, 84.650000, 95, 98, 
sess0001, 000201, 95, 98, GVWY, 1539, 20, 76.950000, SHVR, 1500, 20, 75.000000, ZIC, 1237, 20, 61.850000, ZIP, 1693, 20, 84.650000, 95, 98, 
sess0001, 000202, 97, 101, GVWY, 1539, 20, 76.950000, SHVR, 1534, 20, 76.700000, ZIC, 1237, 20, 61.850000, ZIP, 1731, 20, 86.550000, 97, 101, 
sess0001, 000203, 97, 109, GVWY, 1549, 20, 77.450000, SHVR, 1534, 20, 76.700000, ZIC, 1237, 20, 61.850000, ZIP, 1731, 20, 86.550000, 97, 109, 
sess0001, 000203, 95, 109, GVWY, 1549, 20, 77.450000, SHVR, 1534, 20, 76.700000, ZIC, 1251, 20, 62.550000, ZIP, 1748, 20, 87.400000, 95, 109, 
sess0001, 000203, 95, 109, GVWY, 1591, 20, 79.550000, SHVR, 1580, 20, 79.000000, ZIC, 1251, 20, 62.550000, ZIP, 1748, 20, 87.400000, 95, 109, 
sess0001, 000207, 100, 108, GVWY, 1622, 20, 81.100000, SHVR, 1631, 20, 81.550000, ZIC, 1251, 20, 62.550000, ZIP, 1748, 20, 87.400000, 100, 108, 
sess0001, 000208, 100, 111, GVWY, 1661, 20, 83.050000, SHVR, 1631, 20, 81.550000, ZIC, 1251, 20, 62.550000, ZIP, 1748, 20, 87.400000, 100, 111, 
sess0001, 000208, 99, 111, GVWY, 1711, 20, 85.550000, SHVR, 1631, 20, 81.550000, ZIC, 1251, 20, 62.550000, ZIP, 1754, 20, 87.700000, 99, 111, 
sess0001, 000210, 100, 111, GVWY, 1715, 20, 85.750000, SHVR, 1631, 20, 81.550000, ZIC, 1251, 20, 62.550000, ZIP, 1773, 20, 88.650000, 100, 111, 
sess0001, 000210, 103, 111, GVWY, 1715, 20, 85.750000, SHVR, 1631, 20, 81.550000, ZIC, 1268, 20, 63.400000, ZIP, 1804, 20, 90.200000, 103, 111, 
sess0001, 000210, 100, 104, GVWY, 1720, 20, 86.000000, SHVR, 1644, 20, 82.200000, ZIC, 1268, 20, 63.400000, ZIP, 1804, 20, 90.200000, 100, 104, 
sess0001, 000211, 102, 111, GVWY, 1766, 20, 88.300000, SHVR, 1644, 20, 82.200000, ZIC, 1268, 20, 63.400000, ZIP, 1841, 20, 92.050000, 102, 111, 
sess0001, 000212, 102, 114, GVWY, 1766, 20, 88.300000, SHVR, 1644, 20, 82.200000, ZIC, 1281, 20, 64.050000, ZIP, 1841, 20, 92.050000, 102, 114, 
sess0001, 000213, 102, 114, GVWY, 1780, 20, 89.000000, SHVR, 1644, 20, 82.200000, ZIC, 1281, 20, 64.050000, ZIP, 1865, 20, 93.250000, 102, 114, 
sess0001, 000216, 103, 107, GVWY, 1780, 20, 89.000000, SHVR, 1649, 20, 82.450000, ZIC, 1281, 20, 64.050000, ZIP, 1865, 20, 93.250000, 103, 107, 
sess0001, 000217, 103, 107, GVWY, 1787, 20, 89.350000, SHVR, 1649, 20, 82.450000, ZIC, 1281, 20, 64.050000, ZIP, 1886, 20, 94.300000, 103, 107, 
sess0001, 000217, 103, 106, GVWY, 1787, 20, 89.350000, SHVR, 1649, 20, 82.450000, ZIC, 1294, 20, 64.700000, ZIP, 1924, 20, 96.200000, 103, 106, 
sess0001, 000218, 95, 106, GVWY, 1787, 20, 89.350000, SHVR, 1649, 20, 82.450000, ZIC, 1294, 20, 64.700000, ZIP, 1983, 20, 99.150000, 95, 106, 
sess0001, 000224, 99, 101, GVWY, 1787, 20, 89.350000, SHVR, 1711, 20, 85.550000, ZIC, 1294, 20, 64.700000, ZIP, 1983, 20, 99.150000, 99, 101, 
sess0001, 000224, 95, 100, GVWY, 1829, 20, 91.450000, SHVR, 1728, 20, 86.400000, ZIC, 1294, 20, 64.700000, ZIP, 1983, 20, 99.150000, 95, 100, 
sess0001, 000225, 93, 100, GVWY, 1829, 20, 91.450000, SHVR, 1728, 20, 86.400000, ZIC, 1337, 20, 66.850000, ZIP, 1984, 20, 99.200000, 93, 100, 
sess0001, 000226, 93, 96, GVWY, 1829, 20, 91.450000, SHVR, 1744, 20, 87.200000, ZIC, 1380, 20, 69.000000, ZIP, 1984, 20, 99.200000, 93, 96, 
sess0001, 000227, 93, 96, GVWY, 1829, 20, 91.450000, SHVR, 1784, 20, 89.200000, ZIC, 1380, 20, 69.000000, ZIP, 1995, 20, 99.750000, 93, 96, 
sess0001, 000228, 93, 96, GVWY, 1871, 20, 93.550000, SHVR, 1817, 20, 90.850000, ZIC, 1380, 20, 69.000000, ZIP, 1995, 20, 99.750000, 93, 96, 
sess0001, 000229, 87, 95, GVWY, 1876, 20, 93.800000, SHVR, 1817, 20, 90.850000, ZIC, 1380, 20, 69.000000, ZIP, 1995, 20, 99.750000, 87, 95, 
sess0001, 000229, 87, 95, GVWY, 1910, 20, 95.500000, SHVR, 1817, 20, 90.850000, ZIC, 1380, 20, 69.000000, ZIP, 2012, 20, 100.600000, 87, 95, 
sess0001, 000231, 87, 95, GVWY, 1910, 20, 95.500000, SHVR, 1817, 20, 90.850000, ZIC, 1388, 20, 69.400000, ZIP, 2022, 20, 101.100000, 87, 95, 
sess0001, 000231, 87, 95, GVWY, 1910, 20, 95.500000, SHVR, 1817, 20, 90.850000, ZIC, 1432, 20, 71.600000, ZIP, 2050, 20, 102.500000, 87, 95, 
sess0001, 000232, 87, 103, GVWY, 1962, 20, 98.100000, SHVR, 1817, 20, 90.850000, ZIC, 1432, 20, 71.600000, ZIP, 2070, 20, 103.500000, 87, 103, 
sess0001, 000233, 87, 111, GVWY, 1965, 20, 98.250000, SHVR, 1817, 20, 90.850000, ZIC, 1432, 20, 71.600000, ZIP, 2070, 20, 103.500000, 87, 111, 
sess0001, 000233, 84, 111, GVWY, 1965, 20, 98.250000, SHVR, 1817, 20, 90.850000, ZIC, 1436, 20, 71.800000, ZIP, 2071, 20, 103.550000, 84, 111, 
sess0001, 000234, 83, 96, GVWY, 1999, 20, 99.950000, SHVR, 1817, 20, 90.850000, ZIC, 1436, 20, 71.800000, ZIP, 2072, 20, 103.600000, 83, 96, 
sess0001, 000235, 83, 101, GVWY, 1999, 20, 99.950000, SHVR, 1817, 20, 90.850000, ZIC, 1438, 20, 71.900000, ZIP, 2072, 20, 103.600000, 83, 101, 
sess0001, 000240, 95, 101, GVWY, 2039, 20, 101.950000, SHVR, 1817, 20, 90.850000, ZIC, 1438, 20, 71.900000, ZIP, 2096, 20, 104.800000, 95, 101, 
sess0001, 000241, 96, 111, GVWY, 2088, 20, 104.400000, SHVR, 1817, 20, 90.850000, ZIC, 1438, 20, 71.900000, ZIP, 2096, 20, 104.800000, 96, 111, 
sess0001, 000241, 101, 114, GVWY, 2106, 20, 105.300000, SHVR, 1817, 20, 90.850000, ZIC, 1438, 20, 71.900000, ZIP, 2096, 20, 104.800000, 101, 114, 
sess0001, 000242, 101, 112, GVWY, 2158, 20, 107.900000, SHVR, 1859, 20, 92.950000, ZIC, 1438, 20, 71.900000, ZIP, 2096, 20, 104.800000, 101, 112, 
sess0001, 000243, 83, 108, GVWY, 2202, 20, 110.100000, SHVR, 1859, 20, 92.950000, ZIC, 1438, 20, 71.900000, ZIP, 2109, 20, 105.450000, 83, 108, 
sess0001, 000243, 83, 108, GVWY, 2202, 20, 110.100000, SHVR, 1863, 20, 93.150000, ZIC, 1465, 20, 73.250000, ZIP, 2109, 20, 105.450000, 83, 108, 
sess0001, 000243, 83, 116, GVWY, 2202, 20, 110.100000, SHVR, 1863, 20, 93.150000, ZIC, 1475, 20, 73.750000, ZIP, 2109, 20, 105.450000, 83, 116, 
sess0001, 000244, 83, 116, GVWY, 2206, 20, 110.300000, SHVR, 1863, 20, 93.150000, ZIC, 1475, 20, 73.750000, ZIP, 2113, 20, 105.650000, 83, 116, 
sess0001, 000246, 84, 116, GVWY, 2206, 20, 110.300000, SHVR, 1863, 20, 93.150000, ZIC, 1500, 20, 75.000000, ZIP, 2113, 20, 105.650000, 84, 116, 
sess0001, 000250, 111, 116, GVWY, 2206, 20, 110.300000, SHVR, 1884, 20, 94.200000, ZIC, 1500, 20, 75.000000, ZIP, 2113, 20, 105.650000, 111, 116, 
sess0001, 000252, 111, 116, GVWY, 2206, 20, 110.300000, SHVR, 1915, 20, 95.750000, ZIC, 1500, 20, 75.000000, ZIP, 2128, 20, 106.400000, 111, 116, 
sess0001, 000255, 108, 115, GVWY, 2206, 20, 110.300000, SHVR, 1915, 20, 95.750000, ZIC, 1500, 20, 75.000000, ZIP, 2164, 20, 108.200000, 108, 115, 
sess0001, 000256, 108, 115, GVWY, 2206, 20, 110.300000, SHVR, 1949, 20, 97.450000, ZIC, 1500, 20, 75.000000, ZIP, 2196, 20, 109.800000, 108, 115, 
sess0001, 000257, 106, 113, GVWY, 2206, 20, 110.300000, SHVR, 1949, 20, 97.450000, ZIC, 1500, 20, 75.000000, ZIP, 2237, 20, 111.850000, 106, 113, 
sess0001, 000258, 94, 111, GVWY, 2224, 20, 111.200000, SHVR, 1949, 20, 97.450000, ZIC, 1500, 20, 75.000000, ZIP, 2250, 20, 112.500000, 94, 111, 
sess0001, 000263, 97, 100, GVWY, 2224, 20, 111.200000, SHVR, 1986, 20, 99.300000, ZIC, 1500, 20, 75.000000, ZIP, 2265, 20, 113.250000, 97, 100, 
sess0001, 000263, 97, 100, GVWY, 2224, 20, 111.200000, SHVR, 2016, 20, 100.800000, ZIC, 1500, 20, 75.000000, ZIP, 2307, 20, 115.350000, 97, 100, 
sess0001, 000263, 97, 101, GVWY, 2224, 20, 111.200000, SHVR, 2016, 20, 100.800000, ZIC, 1534, 20, 76.700000, ZIP, 2334, 20, 116.700000, 97, 101, 
sess0001, 000264, 98, 100, GVWY, 2224, 20, 111.200000, SHVR, 2060, 20, 103.000000, ZIC, 1574, 20, 78.700000, ZIP, 2334, 20, 116.700000, 98, 100, 
sess0001, 000264, 94, 101, GVWY, 2224, 20, 111.200000, SHVR, 2077, 20, 103.850000, ZIC, 1574, 20, 78.700000, ZIP, 2373, 20, 118.650000, 94, 101, 
sess0001, 000269, 95, 101, GVWY, 2224, 20, 111.200000, SHVR, 2077, 20, 103.850000, ZIC, 1577, 20, 78.850000, ZIP, 2386, 20, 119.300000, 95, 101, 
sess0001, 000271, 95, 101, GVWY, 2271, 20, 113.550000, SHVR, 2077, 20, 103.850000, ZIC, 1586, 20, 79.300000, ZIP, 2386, 20, 119.300000, 95, 101, 
sess0001, 000272, 95, 110, GVWY, 2271, 20, 113.550000, SHVR, 2077, 20, 103.850000, ZIC, 1609, 20, 80.450000, ZIP, 2386, 20, 119.300000, 95, 110, 
sess0001, 000274, 95, 114, GVWY, 2311, 20, 115.550000, SHVR, 2077, 20, 103.850000, ZIC, 1609, 20, 80.450000, ZIP, 2388, 20, 119.400000, 95, 114, 
sess0001, 000276, 98, 114, GVWY, 2320, 20, 116.000000, SHVR, 2077, 20, 103.850000, ZIC, 1609, 20, 80.450000, ZIP, 2423, 20, 121.150000, 98, 114, 
sess0001, 000277, 98, 114, GVWY, 2368, 20, 118.400000, SHVR, 2077, 20, 103.850000, ZIC, 1609, 20, 80.450000, ZIP, 2439, 20, 121.950000, 98, 114, 
sess0001, 000278, 95, 102, GVWY, 2368, 20, 118.400000, SHVR, 2108, 20, 105.400000, ZIC, 1609, 20, 80.450000, ZIP, 2439, 20, 121.950000, 95, 102, 
sess0001, 000278, 95, 114, GVWY, 2368, 20, 118.400000, SHVR, 2108, 20, 105.400000, ZIC, 1632, 20, 81.600000, ZIP, 2480, 20, 124.000000, 95, 114, 
sess0001, 000278, 93, 114, GVWY, 2406, 20, 120.300000, SHVR, 2108, 20, 105.400000, ZIC, 1632, 20, 81.600000, ZIP, 2481, 20, 124.050000, 93, 114, 
sess0001, 000282, 100, 116, GVWY, 2406, 20, 120.300000, SHVR, 2108, 20, 105.400000, ZIC, 1652, 20, 82.600000, ZIP, 2481, 20, 124.050000, 100, 116, 
sess0001, 000284, 100, 115, GVWY, 2411, 20, 120.550000, SHVR, 2115, 20, 105.750000, ZIC, 1652, 20, 82.600000, ZIP, 2481, 20, 124.050000, 100, 115, 
sess0001, 000285, 102, 113, GVWY, 2425, 20, 121.250000, SHVR, 2115, 20, 105.750000, ZIC, 1652, 20, 82.600000, ZIP, 2485, 20, 124.250000, 102, 113, 
sess0001, 000286, 102, 112, GVWY, 2443, 20, 122.150000, SHVR, 2123, 20, 106.150000, ZIC, 1652, 20, 82.600000, ZIP, 2485, 20, 124.250000, 102, 112, 
sess0001, 000288, 101, 110, GVWY, 2443, 20, 122.150000, SHVR, 2123, 20, 106.150000, ZIC, 1702, 20, 85.100000, ZIP, 2509, 20, 125.450000, 101, 110, 
sess0001, 000288, 94, 109, GVWY, 2443, 20, 122.150000, SHVR, 2123, 20, 106.150000, ZIC, 1710, 20, 85.500000, ZIP, 2527, 20, 126.350000, 94, 109, 
sess0001, 000292, 95, 102, GVWY, 2478, 20, 123.900000, SHVR, 2170, 20, 108.500000, ZIC, 1710, 20, 85.500000, ZIP, 2527, 20, 126.350000, 95, 102, 
sess0001, 000293, 94, 99, GVWY, 2478, 20, 123.900000, SHVR, 2188, 20, 109.400000, ZIC, 1710, 20, 85.500000, ZIP, 2550, 20, 127.500000, 94, 99, 
sess0001, 000294, 94, 99, GVWY, 2527, 20, 126.350000, SHVR, 2216, 20, 110.800000, ZIC, 1710, 20, 85.500000, ZIP, 2550, 20, 127.500000, 94, 99, 
sess0001, 000296, 94, 98, GVWY, 2527, 20, 126.350000, SHVR, 2216, 20, 110.800000, ZIC, 1710, 20, 85.500000, ZIP, 2607, 20, 130.350000, 94, 98, 
sess0001, 000297, 94, 96, GVWY, 2527, 20, 126.350000, SHVR, 2249, 20, 112.450000, ZIC, 1754, 20, 87.700000, ZIP, 2607, 20, 130.350000, 94, 96, 
sess0001, 000297, 93, 97, GVWY, 2527, 20, 126.350000, SHVR, 2249, 20, 112.450000, ZIC, 1754, 20, 87.700000, ZIP, 2630, 20, 131.500000, 93, 97, 
sess0001, 000297, 93, 111, GVWY, 2527, 20, 126.350000, SHVR, 2249, 20, 112.450000, ZIC, 1760, 20, 88.000000, ZIP, 2649, 20, 132.450000, 93, 111, 
sess0001, 000300, 97, 111, GVWY, 2527, 20, 126.350000, SHVR, 2249, 20, 112.450000, ZIC, 1783, 20, 89.150000, ZIP, 2649, 20, 132.450000, 97, 111, 
sess0001, 000303, 98, 108, GVWY, 2570, 20, 128.500000, SHVR, 2276, 20, 113.800000, ZIC, 1783, 20, 89.150000, ZIP, 2649, 20, 132.450000, 98, 108, 
sess0001, 000303, 98, 111, GVWY, 2573, 20, 128.650000, SHVR, 2276, 20, 113.800000, ZIC, 1783, 20, 89.150000, ZIP, 2649, 20, 132.450000, 98, 111, 
sess0001, 000304, 93, 111, GVWY, 2623, 20, 131.150000, SHVR, 2320, 20, 116.000000, ZIC, 1783, 20, 89.150000, ZIP, 2649, 20, 132.450000, 93, 111, 
sess0001, 000307, 99, 111, GVWY, 2663, 20, 133.150000, SHVR, 2320, 20, 116.000000, ZIC, 1784, 20, 89.200000, ZIP, 2649, 20, 132.450000, 99, 111, 
sess0001, 000308, 87, 108, GVWY, 2663, 20, 133.150000, SHVR, 2320, 20, 116.000000, ZIC, 1825, 20, 91.250000, ZIP, 2649, 20, 132.450000, 87, 108, 
sess0001, 000308, 83, 103, GVWY, 2693, 20, 134.650000, SHVR, 2320, 20, 116.000000, ZIC, 1825, 20, 91.250000, ZIP, 2650, 20, 132.500000, 83, 103, 
sess0001, 000310, 83, 94, GVWY, 2693, 20, 134.650000, SHVR, 2320, 20, 116.000000, ZIC, 1825, 20, 91.250000, ZIP, 2702, 20, 135.100000, 83, 94, 
sess0001, 000310, 83, 94, GVWY, 2693, 20, 134.650000, SHVR, 2320, 20, 116.000000, ZIC, 1858, 20, 92.900000, ZIP, 2702, 20, 135.100000, 83, 94, 
sess0001, 000311, 83, 98, GVWY, 2736, 20, 136.800000, SHVR, 2344, 20, 117.200000, ZIC, 1858, 20, 92.900000, ZIP, 2702, 20, 135.100000, 83, 98, 
sess0001, 000315, 96, 98, GVWY, 2736, 20, 136.800000, SHVR, 2372, 20, 118.600000, ZIC, 1858, 20, 92.900000, ZIP, 2702, 20, 135.100000, 96, 98, 
sess0001, 000315, 93, 98, GVWY, 2736, 20, 136.800000, SHVR, 2420, 20, 121.000000, ZIC, 1858, 20, 92.900000, ZIP, 2725, 20, 136.250000, 93, 98, 
sess0001, 000320, 95, 103, GVWY, 2736, 20, 136.800000, SHVR, 2420, 20, 121.000000, ZIC, 1899, 20, 94.950000, ZIP, 2725, 20, 136.250000, 95, 103, 
sess0001, 000321, 94, 97, GVWY, 2743, 20, 137.150000, SHVR, 2420, 20, 121.000000, ZIC, 1905, 20, 95.250000, ZIP, 2725, 20, 136.250000, 94, 97, 
sess0001, 000322, 94, 103, GVWY, 2743, 20, 137.150000, SHVR, 2420, 20, 121.000000, ZIC, 1932, 20, 96.600000, ZIP, 2737, 20, 136.850000, 94, 103, 
sess0001, 000325, 95, 101, GVWY, 2743, 20, 137.150000, SHVR, 2420, 20, 121.000000, ZIC, 1932, 20, 96.600000, ZIP, 2783, 20, 139.150000, 95, 101, 
sess0001, 000327, 95, 96, GVWY, 2743, 20, 137.150000, SHVR, 2460, 20, 123.000000, ZIC, 1932, 20, 96.600000, ZIP, 2814, 20, 140.700000, 95, 96, 
sess0001, 000328, 95, 97, GVWY, 2743, 20, 137.150000, SHVR, 2496, 20, 124.800000, ZIC, 1932, 20, 96.600000, ZIP, 2814, 20, 140.700000, 95, 97, 
sess0001, 000328, 95, 103, GVWY, 2775, 20, 138.750000, SHVR, 2496, 20, 124.800000, ZIC, 1932, 20, 96.600000, ZIP, 2833, 20, 141.650000, 95, 103, 
sess0001, 000332, 95, 97, GVWY, 2775, 20, 138.750000, SHVR, 2532, 20, 126.600000, ZIC, 1932, 20, 96.600000, ZIP, 2833, 20, 141.650000, 95, 97, 
sess0001, 000333, 95, 101, GVWY, 2775, 20, 138.750000, SHVR, 2567, 20, 128.350000, ZIC, 1932, 20, 96.600000, ZIP, 2855, 20, 142.750000, 95, 101, 
sess0001, 000334, 95, 98, GVWY, 2782, 20, 139.100000, SHVR, 2567, 20, 128.350000, ZIC, 1932, 20, 96.600000, ZIP, 2874, 20, 143.700000, 95, 98, 
sess0001, 000335, 94, 101, GVWY, 2835, 20, 141.750000, SHVR, 2602, 20, 130.100000, ZIC, 1932, 20, 96.600000, ZIP, 2874, 20, 143.700000, 94, 101, 
sess0001, 000335, 94, 103, GVWY, 2835, 20, 141.750000, SHVR, 2602, 20, 130.100000, ZIC, 1965, 20, 98.250000, ZIP, 2874, 20, 143.700000, 94, 103, 
sess0001, 000336, 94, 101, GVWY, 2879, 20, 143.950000, SHVR, 2602, 20, 130.100000, ZIC, 1965, 20, 98.250000, ZIP, 2876, 20, 143.800000, 94, 101, 
sess0001, 000339, 93, 98, GVWY, 2919, 20, 145.950000, SHVR, 2644, 20, 132.200000, ZIC, 1965, 20, 98.250000, ZIP, 2876, 20, 143.800000, 93, 98, 
sess0001, 000339, 93, 103, GVWY, 2968, 20, 148.400000, SHVR, 2644, 20, 132.200000, ZIC, 1965, 20, 98.250000, ZIP, 2914, 20, 145.700000, 93, 103, 
sess0001, 000340, 94, 108, GVWY, 2968, 20, 148.400000, SHVR, 2644, 20, 132.200000, ZIC, 1983, 20, 99.150000, ZIP, 2914, 20, 145.700000, 94, 108, 
sess0001, 000341, 95, 111, GVWY, 2989, 20, 149.450000, SHVR, 2644, 20, 132.200000, ZIC, 1983, 20, 99.150000, ZIP, 2914, 20, 145.700000, 95, 111, 
sess0001, 000341, 98, 111, GVWY, 2989, 20, 149.450000, SHVR, 2644, 20, 132.200000, ZIC, 1983, 20, 99.150000, ZIP, 2950, 20, 147.500000, 98, 111, 
sess0001, 000342, 95, 111, GVWY, 2989, 20, 149.450000, SHVR, 2644, 20, 132.200000, ZIC, 1983, 20, 99.150000, ZIP, 2958, 20, 147.900000, 95, 111, 
sess0001, 000347, 100, 108, GVWY, 2989, 20, 149.450000, SHVR, 2644, 20, 132.200000, ZIC, 2031, 20, 101.550000, ZIP, 3000, 20, 150.000000, 100, 108, 
sess0001, 000348, 100, 111, GVWY, 2989, 20, 149.450000, SHVR, 2644, 20, 132.200000, ZIC, 2062, 20, 103.100000, ZIP, 3000, 20, 150.000000, 100, 111, 
sess0001, 000348, 99, 111, GVWY, 3032, 20, 151.600000, SHVR, 2660, 20, 133.000000, ZIC, 2062, 20, 103.100000, ZIP, 3000, 20, 150.000000, 99, 111, 
sess0001, 000349, 95, 111, GVWY, 3032, 20, 151.600000, SHVR, 2660, 20, 133.000000, ZIC, 2096, 20, 104.800000, ZIP, 3020, 20, 151.000000, 95, 111, 
sess0001, 000349, 95, 114, GVWY, 3032, 20, 151.600000, SHVR, 2660, 20, 133.000000, ZIC, 2096, 20, 104.800000, ZIP, 3020, 20, 151.000000, 95, 114, 
sess0001, 000352, 95, 116, GVWY, 3032, 20, 151.600000, SHVR, 2660, 20, 133.000000, ZIC, 2116, 20, 105.800000, ZIP, 3020, 20, 151.000000, 95, 116, 
sess0001, 000354, 97, 116, GVWY, 3034, 20, 151.700000, SHVR, 2670, 20, 133.500000, ZIC, 2116, 20, 105.800000, ZIP, 3020, 20, 151.000000, 97, 116, 
sess0001, 000360, 108, 116, GVWY, 3034, 20, 151.700000, SHVR, 2706, 20, 135.300000, ZIC, 2116, 20, 105.800000, ZIP, 3061, 20, 153.050000, 108, 116, 
sess0001, 000360, 108, 109, GVWY, 3034, 20, 151.700000, SHVR, 2706, 20, 135.300000, ZIC, 2116, 20, 105.800000, ZIP, 3130, 20, 156.500000, 108, 109, 
sess0001, 000361, 95, 109, GVWY, 3034, 20, 151.700000, SHVR, 2744, 20, 137.200000, ZIC, 2116, 20, 105.800000, ZIP, 3148, 20, 157.400000, 95, 109, 
sess0001, 000362, 95, 109, GVWY, 3044, 20, 152.200000, SHVR, 2744, 20, 137.200000, ZIC, 2116, 20, 105.800000, ZIP, 3182, 20, 159.100000, 95, 109, 
sess0001, 000362, 95, 113, GVWY, 3044, 20, 152.200000, SHVR, 2744, 20, 137.200000, ZIC, 2131, 20, 106.550000, ZIP, 3206, 20, 160.300000, 95, 113, 
sess0001, 000364, 95, 101, GVWY, 3085, 20, 154.250000, SHVR, 2744, 20, 137.200000, ZIC, 2131, 20, 106.550000, ZIP, 3206, 20, 160.300000, 95, 101, 
sess0001, 000365, 95, 101, GVWY, 3117, 20, 155.850000, SHVR, 2744, 20, 137.200000, ZIC, 2131, 20, 106.550000, ZIP, 3228, 20, 161.400000, 95, 101, 
sess0001, 000366, 93, 101, GVWY, 3155, 20, 157.750000, SHVR, 2744, 20, 137.200000, ZIC, 2131, 20, 106.550000, ZIP, 3229, 20, 161.450000, 93, 101, 
sess0001, 000366, 93, 116, GVWY, 3155, 20, 157.750000, SHVR, 2744, 20, 137.200000, ZIC, 2134, 20, 106.700000, ZIP, 3256, 20, 162.800000, 93, 116, 
sess0001, 000369, 87, 116, GVWY, 3160, 20, 158.000000, SHVR, 2744, 20, 137.200000, ZIC, 2134, 20, 106.700000, ZIP, 3256, 20, 162.800000, 87, 116, 
sess0001, 000371, 104, 112, GVWY, 3160, 20, 158.000000, SHVR, 2744, 20, 137.200000, ZIC, 2134, 20, 106.700000, ZIP, 3300, 20, 165.000000, 104, 112, 
sess0001, 000371, 100, 112, GVWY, 3160, 20, 158.000000, SHVR, 2744, 20, 137.200000, ZIC, 2186, 20, 109.300000, ZIP, 3302, 20, 165.100000, 100, 112, 
sess0001, 000372, 100, 112, GVWY, 3160, 20, 158.000000, SHVR, 2748, 20, 137.400000, ZIC, 2186, 20, 109.300000, ZIP, 3328, 20, 166.400000, 100, 112, 
sess0001, 000373, 94, 105, GVWY, 3160, 20, 158.000000, SHVR, 2782, 20, 139.100000, ZIC, 2186, 20, 109.300000, ZIP, 3350, 20, 167.500000, 94, 105, 
sess0001, 000373, 87, 114, GVWY, 3202, 20, 160.100000, SHVR, 2782, 20, 139.100000, ZIC, 2186, 20, 109.300000, ZIP, 3370, 20, 168.500000, 87, 114, 
sess0001, 000376, 103, 105, GVWY, 3202, 20, 160.100000, SHVR, 2824, 20, 141.200000, ZIC, 2216, 20, 110.800000, ZIP, 3370, 20, 168.500000, 103, 105, 
sess0001, 000376, 103, 106, GVWY, 3247, 20, 162.350000, SHVR, 2826, 20, 141.300000, ZIC, 2216, 20, 110.800000, ZIP, 3370, 20, 168.500000, 103, 106, 
sess0001, 000377, 87, 106, GVWY, 3247, 20, 162.350000, SHVR, 2826, 20, 141.300000, ZIC, 2228, 20, 111.400000, ZIP, 3386, 20, 169.300000, 87, 106, 
sess0001, 000379, 87, 108, GVWY, 3247, 20, 162.350000, SHVR, 2828, 20, 141.400000, ZIC, 2264, 20, 113.200000, ZIP, 3386, 20, 169.300000, 87, 108, 
sess0001, 000381, 87, 108, GVWY, 3294, 20, 164.700000, SHVR, 2828, 20, 141.400000, ZIC, 2288, 20, 114.400000, ZIP, 3386, 20, 169.300000, 87, 108, 
sess0001, 000386, 102, 108, GVWY, 3294, 20, 164.700000, SHVR, 2917, 20, 145.850000, ZIC, 2288, 20, 114.400000, ZIP, 3386, 20, 169.300000, 102, 108, 
sess0001, 000389, 104, 108, GVWY, 3294, 20, 164.700000, SHVR, 2944, 20, 147.200000, ZIC, 2288, 20, 114.400000, ZIP, 3431, 20, 171.550000, 104, 108, 
sess0001, 000390, 106, 108, GVWY, 3294, 20, 164.700000, SHVR, 2980, 20, 149.000000, ZIC, 2288, 20, 114.400000, ZIP, 3431, 20, 171.550000, 106, 108, 
sess0001, 000390, 95, 114, GVWY, 3294, 20, 164.700000, SHVR, 2980, 20, 149.000000, ZIC, 2288, 20, 114.400000, ZIP, 3437, 20, 171.850000, 95, 114, 
sess0001, 000392, 95, 113, GVWY, 3335, 20, 166.750000, SHVR, 2980, 20, 149.000000, ZIC, 2288, 20, 114.400000, ZIP, 3437, 20, 171.850000, 95, 113, 
sess0001, 000394, 87, 96, GVWY, 3342, 20, 167.100000, SHVR, 2980, 20, 149.000000, ZIC, 2288, 20, 114.400000, ZIP, 3438, 20, 171.900000, 87, 96, 
sess0001, 000397, 89, 103, GVWY, 3342, 20, 167.100000, SHVR, 2980, 20, 149.000000, ZIC, 2316, 20, 115.800000, ZIP, 3438, 20, 171.900000, 89, 103, 
sess0001, 000397, 87, 101, GVWY, 3381, 20, 169.050000, SHVR, 2980, 20, 149.000000, ZIC, 2318, 20, 115.900000, ZIP, 3438, 20, 171.900000, 87, 101, 
sess0001, 000399, 90, 99, GVWY, 3430, 20, 171.500000, SHVR, 2980, 20, 149.000000, ZIC, 2318, 20, 115.900000, ZIP, 3461, 20, 173.050000, 90, 99, 
sess0001, 000403, 93, 98, GVWY, 3430, 20, 171.500000, SHVR, 2980, 20, 149.000000, ZIC, 2349, 20, 117.450000, ZIP, 3507, 20, 175.350000, 93, 98, 
sess0001, 000407, 95, 97, GVWY, 3430, 20, 171.500000, SHVR, 3016, 20, 150.800000, ZIC, 2349, 20, 117.450000, ZIP, 3543, 20, 177.150000, 95, 97, 
sess0001, 000407, 94, 97, GVWY, 3430, 20, 171.500000, SHVR, 3016, 20, 150.800000, ZIC, 2349, 20, 117.450000, ZIP, 3572, 20, 178.600000, 94, 97, 
sess0001, 000407, 87, 97, GVWY, 3430, 20, 171.500000, SHVR, 3016, 20, 150.800000, ZIC, 2360, 20, 118.000000, ZIP, 3584, 20, 179.200000, 87, 97, 
sess0001, 000408, 83, 97, GVWY, 3430, 20, 171.500000, SHVR, 3016, 20, 150.800000, ZIC, 2395, 20, 119.750000, ZIP, 3585, 20, 179.250000, 83, 97, 
sess0001, 000411, 88, 91, GVWY, 3430, 20, 171.500000, SHVR, 3044, 20, 152.200000, ZIC, 2395, 20, 119.750000, ZIP, 3585, 20, 179.250000, 88, 91, 
sess0001, 000412, 89, 90, GVWY, 3430, 20, 171.500000, SHVR, 3070, 20, 153.500000, ZIC, 2395, 20, 119.750000, ZIP, 3602, 20, 180.100000, 89, 90, 
sess0001, 000412, 84, 90, GVWY, 3430, 20, 171.500000, SHVR, 3152, 20, 157.600000, ZIC, 2395, 20, 119.750000, ZIP, 3602, 20, 180.100000, 84, 90, 
sess0001, 000413, 88, 90, GVWY, 3452, 20, 172.600000, SHVR, 3186, 20, 159.300000, ZIC, 2395, 20, 119.750000, ZIP, 3602, 20, 180.100000, 88, 90, 
sess0001, 000415, 84, 90, GVWY, 3452, 20, 172.600000, SHVR, 3204, 20, 160.200000, ZIC, 2395, 20, 119.750000, ZIP, 3640, 20, 182.000000, 84, 90, 
sess0001, 000415, 84, 98, GVWY, 3452, 20, 172.600000, SHVR, 3204, 20, 160.200000, ZIC, 2408, 20, 120.400000, ZIP, 3663, 20, 183.150000, 84, 98, 
sess0001, 000416, 84, 101, GVWY, 3491, 20, 174.550000, SHVR, 3204, 20, 160.200000, ZIC, 2408, 20, 120.400000, ZIP, 3663, 20, 183.150000, 84, 101, 
sess0001, 000416, 94, 103, GVWY, 3491, 20, 174.550000, SHVR, 3204, 20, 160.200000, ZIC, 2428, 20, 121.400000, ZIP, 3663, 20, 183.150000, 94, 103, 
sess0001, 000418, 92, 103, GVWY, 3546, 20, 177.300000, SHVR, 3204, 20, 160.200000, ZIC, 2428, 20, 121.400000, ZIP, 3680, 20, 184.000000, 92, 103, 
sess0001, 000420, 93, 108, GVWY, 3546, 20, 177.300000, SHVR, 3204, 20, 160.200000, ZIC, 2449, 20, 122.450000, ZIP, 3680, 20, 184.000000, 93, 108, 
sess0001, 000420, 95, 111, GVWY, 3567, 20, 178.350000, SHVR, 3204, 20, 160.200000, ZIC, 2449, 20, 122.450000, ZIP, 3680, 20, 184.000000, 95, 111, 
sess0001, 000421, 95, 114, GVWY, 3567, 20, 178.350000, SHVR, 3204, 20, 160.200000, ZIC, 2472, 20, 123.600000, ZIP, 3680, 20, 184.000000, 95, 114, 
sess0001, 000421, 93, 114, GVWY, 3605, 20, 180.250000, SHVR, 3204, 20, 160.200000, ZIC, 2472, 20, 123.600000, ZIP, 3681, 20, 184.050000, 93, 114, 
sess0001, 000423, 106, 116, GVWY, 3620, 20, 181.000000, SHVR, 3204, 20, 160.200000, ZIC, 2472, 20, 123.600000, ZIP, 3681, 20, 184.050000, 106, 116, 
sess0001, 000424, 97, 119, GVWY, 3654, 20, 182.700000, SHVR, 3204, 20, 160.200000, ZIC, 2472, 20, 123.600000, ZIP, 3681, 20, 184.050000, 97, 119, 
sess0001, 000425, 97, 119, GVWY, 3674, 20, 183.700000, SHVR, 3218, 20, 160.900000, ZIC, 2472, 20, 123.600000, ZIP, 3681, 20, 184.050000, 97, 119, 
sess0001, 000428, 100, 109, GVWY, 3679, 20, 183.950000, SHVR, 3218, 20, 160.900000, ZIC, 2472, 20, 123.600000, ZIP, 3714, 20, 185.700000, 100, 109, 
sess0001, 000430, 98, 109, GVWY, 3731, 20, 186.550000, SHVR, 3232, 20, 161.600000, ZIC, 2472, 20, 123.600000, ZIP, 3714, 20, 185.700000, 98, 109, 
sess0001, 000430, 98, 110, GVWY, 3731, 20, 186.550000, SHVR, 3232, 20, 161.600000, ZIC, 2502, 20, 125.100000, ZIP, 3763, 20, 188.150000, 98, 110, 
sess0001, 000435, 94, 109, GVWY, 3744, 20, 187.200000, SHVR, 3232, 20, 161.600000, ZIC, 2502, 20, 125.100000, ZIP, 3781, 20, 189.050000, 94, 109, 
sess0001, 000435, 94, 109, GVWY, 3744, 20, 187.200000, SHVR, 3232, 20, 161.600000, ZIC, 2514, 20, 125.700000, ZIP, 3782, 20, 189.100000, 94, 109, 
sess0001, 000439, 99, 103, GVWY, 3744, 20, 187.200000, SHVR, 3296, 20, 164.800000, ZIC, 2514, 20, 125.700000, ZIP, 3782, 20, 189.100000, 99, 103, 
sess0001, 000439, 101, 104, GVWY, 3744, 20, 187.200000, SHVR, 3337, 20, 166.850000, ZIC, 2545, 20, 127.250000, ZIP, 3782, 20, 189.100000, 101, 104, 
sess0001, 000441, 101, 104, GVWY, 3787, 20, 189.350000, SHVR, 3337, 20, 166.850000, ZIC, 2545, 20, 127.250000, ZIP, 3811, 20, 190.550000, 101, 104, 
sess0001, 000442, 99, 103, GVWY, 3787, 20, 189.350000, SHVR, 3383, 20, 169.150000, ZIC, 2545, 20, 127.250000, ZIP, 3816, 20, 190.800000, 99, 103, 
sess0001, 000445, 95, 101, GVWY, 3788, 20, 189.400000, SHVR, 3383, 20, 169.150000, ZIC, 2545, 20, 127.250000, ZIP, 3843, 20, 192.150000, 95, 101, 
sess0001, 000447, 95, 101, GVWY, 3788, 20, 189.400000, SHVR, 3383, 20, 169.150000, ZIC, 2549, 20, 127.450000, ZIP, 3860, 20, 193.000000, 95, 101, 
sess0001, 000450, 99, 101, GVWY, 3788, 20, 189.400000, SHVR, 3383, 20, 169.150000, ZIC, 2551, 20, 127.550000, ZIP, 3876, 20, 193.800000, 99, 101, 
sess0001, 000450, 100, 101, GVWY, 3788, 20, 189.400000, SHVR, 3390, 20, 169.500000, ZIC, 2551, 20, 127.550000, ZIP, 3910, 20, 195.500000, 100, 101, 
sess0001, 000450, 98, 101, GVWY, 3792, 20, 189.600000, SHVR, 3422, 20, 171.100000, ZIC, 2551, 20, 127.550000, ZIP, 3910, 20, 195.500000, 98, 101, 
sess0001, 000452, 95, 99, GVWY, 3792, 20, 189.600000, SHVR, 3422, 20, 171.100000, ZIC, 2597, 20, 129.850000, ZIP, 3954, 20, 197.700000, 95, 99, 
sess0001, 000453, 95, 98, GVWY, 3792, 20, 189.600000, SHVR, 3449, 20, 172.450000, ZIC, 2597, 20, 129.850000, ZIP, 3971, 20, 198.550000, 95, 98, 
sess0001, 000455, 95, 98, GVWY, 3792, 20, 189.600000, SHVR, 3501, 20, 175.050000, ZIC, 2597, 20, 129.850000, ZIP, 3971, 20, 198.550000, 95, 98, 
sess0001, 000456, 95, 98, GVWY, 3792, 20, 189.600000, SHVR, 3501, 20, 175.050000, ZIC, 2638, 20, 131.900000, ZIP, 3971, 20, 198.550000, 95, 98, 
sess0001, 000459, 95, 98, GVWY, 3839, 20, 191.950000, SHVR, 3501, 20, 175.050000, ZIC, 2665, 20, 133.250000, ZIP, 3971, 20, 198.550000, 95, 98, 
sess0001, 000460, 95, 98, GVWY, 3878, 20, 193.900000, SHVR, 3501, 20, 175.050000, ZIC, 2665, 20, 133.250000, ZIP, 4002, 20, 200.100000, 95, 98, 
sess0001, 000460, 93, 96, GVWY, 3885, 20, 194.250000, SHVR, 3501, 20, 175.050000, ZIC, 2665, 20, 133.250000, ZIP, 4003, 20, 200.150000, 93, 96, 
sess0001, 000462, 93, 97, GVWY, 3885, 20, 194.250000, SHVR, 3542, 20, 177.100000, ZIC, 2690, 20, 134.500000, ZIP, 4003, 20, 200.150000, 93, 97, 
sess0001, 000462, 94, 101, GVWY, 3885, 20, 194.250000, SHVR, 3562, 20, 178.100000, ZIC, 2690, 20, 134.500000, ZIP, 4021, 20, 201.050000, 94, 101, 
sess0001, 000464, 94, 101, GVWY, 3885, 20, 194.250000, SHVR, 3562, 20, 178.100000, ZIC, 2733, 20, 136.650000, ZIP, 4042, 20, 202.100000, 94, 101, 
sess0001, 000465, 94, 103, GVWY, 3934, 20, 196.700000, SHVR, 3562, 20, 178.100000, ZIC, 2733, 20, 136.650000, ZIP, 4042, 20, 202.100000, 94, 103, 
sess0001, 000468, 94, 103, GVWY, 3948, 20, 197.400000, SHVR, 3562, 20, 178.100000, ZIC, 2733, 20, 136.650000, ZIP, 4079, 20, 203.950000, 94, 103, 
sess0001, 000471, 97, 108, GVWY, 3948, 20, 197.400000, SHVR, 3562, 20, 178.100000, ZIC, 2754, 20, 137.700000, ZIP, 4079, 20, 203.950000, 97, 108, 
sess0001, 000472, 97, 101, GVWY, 3991, 20, 199.550000, SHVR, 3570, 20, 178.500000, ZIC, 2754, 20, 137.700000, ZIP, 4079, 20, 203.950000, 97, 101, 
sess0001, 000474, 97, 101, GVWY, 3991, 20, 199.550000, SHVR, 3607, 20, 180.350000, ZIC, 2754, 20, 137.700000, ZIP, 4086, 20, 204.300000, 97, 101, 
sess0001, 000476, 97, 100, GVWY, 4021, 20, 201.050000, SHVR, 3636, 20, 181.800000, ZIC, 2754, 20, 137.700000, ZIP, 4086, 20, 204.300000, 97, 100, 
sess0001, 000476, 97, 100, GVWY, 4022, 20, 201.100000, SHVR, 3636, 20, 181.800000, ZIC, 2754, 20, 137.700000, ZIP, 4115, 20, 205.750000, 97, 100, 
sess0001, 000477, 94, 99, GVWY, 4022, 20, 201.100000, SHVR, 3636, 20, 181.800000, ZIC, 2785, 20, 139.250000, ZIP, 4138, 20, 206.900000, 94, 99, 
sess0001, 000477, 93, 99, GVWY, 4022, 20, 201.100000, SHVR, 3636, 20, 181.800000, ZIC, 2836, 20, 141.800000, ZIP, 4138, 20, 206.900000, 93, 99, 
sess0001, 000478, 94, 99, GVWY, 4022, 20, 201.100000, SHVR, 3636, 20, 181.800000, ZIC, 2871, 20, 143.550000, ZIP, 4164, 20, 208.200000, 94, 99, 
sess0001, 000478, 94, 108, GVWY, 4070, 20, 203.500000, SHVR, 3636, 20, 181.800000, ZIC, 2871, 20, 143.550000, ZIP, 4178, 20, 208.900000, 94, 108, 
sess0001, 000483, 98, 110, GVWY, 4074, 20, 203.700000, SHVR, 3636, 20, 181.800000, ZIC, 2871, 20, 143.550000, ZIP, 4204, 20, 210.200000, 98, 110, 
sess0001, 000487, 100, 106, GVWY, 4074, 20, 203.700000, SHVR, 3679, 20, 183.950000, ZIC, 2881, 20, 144.050000, ZIP, 4204, 20, 210.200000, 100, 106, 
sess0001, 000487, 100, 108, GVWY, 4105, 20, 205.250000, SHVR, 3705, 20, 185.250000, ZIC, 2881, 20, 144.050000, ZIP, 4204, 20, 210.200000, 100, 108, 
sess0001, 000492, 103, 108, GVWY, 4105, 20, 205.250000, SHVR, 3767, 20, 188.350000, ZIC, 2881, 20, 144.050000, ZIP, 4204, 20, 210.200000, 103, 108, 
sess0001, 000494, 105, 108, GVWY, 4105, 20, 205.250000, SHVR, 3813, 20, 190.650000, ZIC, 2881, 20, 144.050000, ZIP, 4204, 20, 210.200000, 105, 108, 
sess0001, 000495, 105, 111, GVWY, 4105, 20, 205.250000, SHVR, 3813, 20, 190.650000, ZIC, 2894, 20, 144.700000, ZIP, 4204, 20, 210.200000, 105, 111, 
sess0001, 000496, 93, 111, GVWY, 4113, 20, 205.650000, SHVR, 3813, 20, 190.650000, ZIC, 2894, 20, 144.700000, ZIP, 4240, 20, 212.000000, 93, 111, 
sess0001, 000499, 94, 111, GVWY, 4113, 20, 205.650000, SHVR, 3813, 20, 190.650000, ZIC, 2914, 20, 145.700000, ZIP, 4256, 20, 212.800000, 94, 111, 
sess0001, 000499, 93, 111, GVWY, 4113, 20, 205.650000, SHVR, 3813, 20, 190.650000, ZIC, 2950, 20, 147.500000, ZIP, 4256, 20, 212.800000, 93, 111, 
sess0001, 000500, 93, 111, GVWY, 4150, 20, 207.500000, SHVR, 3813, 20, 190.650000, ZIC, 2950, 20, 147.500000, ZIP, 4258, 20, 212.900000, 93, 111, 
sess0001, 000502, 99, 111, GVWY, 4150, 20, 207.500000, SHVR, 3868, 20, 193.400000, ZIC, 2964, 20, 148.200000, ZIP, 4258, 20, 212.900000, 99, 111, 
sess0001, 000503, 99, 111, GVWY, 4171, 20, 208.550000, SHVR, 3868, 20, 193.400000, ZIC, 2989, 20, 149.450000, ZIP, 4258, 20, 212.900000, 99, 111, 
sess0001, 000503, 93, 108, GVWY, 4223, 20, 211.150000, SHVR, 3868, 20, 193.400000, ZIC, 2989, 20, 149.450000, ZIP, 4262, 20, 213.100000, 93, 108, 
sess0001, 000505, 95, 103, GVWY, 4223, 20, 211.150000, SHVR, 3868, 20, 193.400000, ZIC, 2989, 20, 149.450000, ZIP, 4329, 20, 216.450000, 95, 103, 
sess0001, 000506, 95, 104, GVWY, 4231, 20, 211.550000, SHVR, 3868, 20, 193.400000, ZIC, 2989, 20, 149.450000, ZIP, 4365, 20, 218.250000, 95, 104, 
sess0001, 000506, 95, 104, GVWY, 4277, 20, 213.850000, SHVR, 3871, 20, 193.550000, ZIC, 2989, 20, 149.450000, ZIP, 4365, 20, 218.250000, 95, 104, 
sess0001, 000508, 96, 111, GVWY, 4277, 20, 213.850000, SHVR, 3871, 20, 193.550000, ZIC, 3024, 20, 151.200000, ZIP, 4409, 20, 220.450000, 96, 111, 
sess0001, 000510, 100, 103, GVWY, 4303, 20, 215.150000, SHVR, 3871, 20, 193.550000, ZIC, 3024, 20, 151.200000, ZIP, 4427, 20, 221.350000, 100, 103, 
sess0001, 000510, 100, 103, GVWY, 4347, 20, 217.350000, SHVR, 3871, 20, 193.550000, ZIC, 3024, 20, 151.200000, ZIP, 4427, 20, 221.350000, 100, 103, 
sess0001, 000512, 99, 103, GVWY, 4347, 20, 217.350000, SHVR, 3912, 20, 195.600000, ZIC, 3024, 20, 151.200000, ZIP, 4457, 20, 222.850000, 99, 103, 
sess0001, 000514, 102, 103, GVWY, 4394, 20, 219.700000, SHVR, 3912, 20, 195.600000, ZIC, 3024, 20, 151.200000, ZIP, 4482, 20, 224.100000, 102, 103, 
sess0001, 000514, 102, 111, GVWY, 4394, 20, 219.700000, SHVR, 3925, 20, 196.250000, ZIC, 3024, 20, 151.200000, ZIP, 4482, 20, 224.100000, 102, 111, 
sess0001, 000519, 102, 103, GVWY, 4394, 20, 219.700000, SHVR, 3925, 20, 196.250000, ZIC, 3043, 20, 152.150000, ZIP, 4494, 20, 224.700000, 102, 103, 
sess0001, 000520, 101, 103, GVWY, 4398, 20, 219.900000, SHVR, 3925, 20, 196.250000, ZIC, 3043, 20, 152.150000, ZIP, 4518, 20, 225.900000, 101, 103, 
sess0001, 000522, 93, 103, GVWY, 4398, 20, 219.900000, SHVR, 3956, 20, 197.800000, ZIC, 3043, 20, 152.150000, ZIP, 4523, 20, 226.150000, 93, 103, 
sess0001, 000524, 87, 102, GVWY, 4410, 20, 220.500000, SHVR, 3956, 20, 197.800000, ZIC, 3043, 20, 152.150000, ZIP, 4542, 20, 227.100000, 87, 102, 
sess0001, 000525, 89, 97, GVWY, 4410, 20, 220.500000, SHVR, 3956, 20, 197.800000, ZIC, 3043, 20, 152.150000, ZIP, 4606, 20, 230.300000, 89, 97, 
sess0001, 000526, 91, 94, GVWY, 4410, 20, 220.500000, SHVR, 3956, 20, 197.800000, ZIC, 3047, 20, 152.350000, ZIP, 4627, 20, 231.350000, 91, 94, 
sess0001, 000526, 91, 94, GVWY, 4410, 20, 220.500000, SHVR, 3984, 20, 199.200000, ZIC, 3047, 20, 152.350000, ZIP, 4627, 20, 231.350000, 91, 94, 
sess0001, 000527, 88, 95, GVWY, 4410, 20, 220.500000, SHVR, 3985, 20, 199.250000, ZIC, 3047, 20, 152.350000, ZIP, 4652, 20, 232.600000, 88, 95, 
sess0001, 000527, 88, 96, GVWY, 4410, 20, 220.500000, SHVR, 4025, 20, 201.250000, ZIC, 3053, 20, 152.650000, ZIP, 4652, 20, 232.600000, 88, 96, 
sess0001, 000528, 88, 96, GVWY, 4410, 20, 220.500000, SHVR, 4058, 20, 202.900000, ZIC, 3079, 20, 153.950000, ZIP, 4652, 20, 232.600000, 88, 96, 
sess0001, 000530, 87, 93, GVWY, 4442, 20, 222.100000, SHVR, 4113, 20, 205.650000, ZIC, 3079, 20, 153.950000, ZIP, 4652, 20, 232.600000, 87, 93, 
sess0001, 000531, 88, 108, GVWY, 4460, 20, 223.000000, SHVR, 4113, 20, 205.650000, ZIC, 3079, 20, 153.950000, ZIP, 4685, 20, 234.250000, 88, 108, 
sess0001, 000531, 87, 108, GVWY, 4498, 20, 224.900000, SHVR, 4141, 20, 207.050000, ZIC, 3079, 20, 153.950000, ZIP, 4685, 20, 234.250000, 87, 108, 
sess0001, 000531, 87, 111, GVWY, 4527, 20, 226.350000, SHVR, 4141, 20, 207.050000, ZIC, 3079, 20, 153.950000, ZIP, 4685, 20, 234.250000, 87, 111, 
sess0001, 000534, 87, 95, GVWY, 4527, 20, 226.350000, SHVR, 4185, 20, 209.250000, ZIC, 3115, 20, 155.750000, ZIP, 4685, 20, 234.250000, 87, 95, 
sess0001, 000535, 89, 96, GVWY, 4527, 20, 226.350000, SHVR, 4185, 20, 209.250000, ZIC, 3154, 20, 157.700000, ZIP, 4705, 20, 235.250000, 89, 96, 
sess0001, 000536, 90, 111, GVWY, 4527, 20, 226.350000, SHVR, 4185, 20, 209.250000, ZIC, 3161, 20, 158.050000, ZIP, 4705, 20, 235.250000, 90, 111, 
sess0001, 000536, 90, 114, GVWY, 4527, 20, 226.350000, SHVR, 4185, 20, 209.250000, ZIC, 3189, 20, 159.450000, ZIP, 4705, 20, 235.250000, 90, 114, 
sess0001, 000538, 91, 114, GVWY, 4555, 20, 227.750000, SHVR, 4185, 20, 209.250000, ZIC, 3189, 20, 159.450000, ZIP, 4721, 20, 236.050000, 91, 114, 
sess0001, 000539, 91, 118, GVWY, 4588, 20, 229.400000, SHVR, 4185, 20, 209.250000, ZIC, 3189, 20, 159.450000, ZIP, 4721, 20, 236.050000, 91, 118, 
sess0001, 000543, 102, 116, GVWY, 4605, 20, 230.250000, SHVR, 4196, 20, 209.800000, ZIC, 3189, 20, 159.450000, ZIP, 4721, 20, 236.050000, 102, 116, 
sess0001, 000544, 93, 103, GVWY, 4650, 20, 232.500000, SHVR, 4196, 20, 209.800000, ZIC, 3189, 20, 159.450000, ZIP, 4733, 20, 236.650000, 93, 103, 
sess0001, 000545, 93, 110, GVWY, 4650, 20, 232.500000, SHVR, 4196, 20, 209.800000, ZIC, 3210, 20, 160.500000, ZIP, 4763, 20, 238.150000, 93, 110, 
sess0001, 000546, 102, 107, GVWY, 4702, 20, 235.100000, SHVR, 4196, 20, 209.800000, ZIC, 3210, 20, 160.500000, ZIP, 4775, 20, 238.750000, 102, 107, 
sess0001, 000547, 103, 107, GVWY, 4743, 20, 237.150000, SHVR, 4240, 20, 212.000000, ZIC, 3210, 20, 160.500000, ZIP, 4775, 20, 238.750000, 103, 107, 
sess0001, 000547, 102, 107, GVWY, 4750, 20, 237.500000, SHVR, 4281, 20, 214.050000, ZIC, 3210, 20, 160.500000, ZIP, 4775, 20, 238.750000, 102, 107, 
sess0001, 000549, 95, 106, GVWY, 4750, 20, 237.500000, SHVR, 4327, 20, 216.350000, ZIC, 3210, 20, 160.500000, ZIP, 4816, 20, 240.800000, 95, 106, 
sess0001, 000550, 95, 108, GVWY, 4794, 20, 239.700000, SHVR, 4330, 20, 216.500000, ZIC, 3210, 20, 160.500000, ZIP, 4816, 20, 240.800000, 95, 108, 
sess0001, 000551, 100, 108, GVWY, 4794, 20, 239.700000, SHVR, 4330, 20, 216.500000, ZIC, 3245, 20, 162.250000, ZIP, 4835, 20, 241.750000, 100, 108, 
sess0001, 000555, 101, 108, GVWY, 4794, 20, 239.700000, SHVR, 4358, 20, 217.900000, ZIC, 3297, 20, 164.850000, ZIP, 4835, 20, 241.750000, 101, 108, 
sess0001, 000556, 101, 114, GVWY, 4794, 20, 239.700000, SHVR, 4358, 20, 217.900000, ZIC, 3323, 20, 166.150000, ZIP, 4835, 20, 241.750000, 101, 114, 
sess0001, 000558, 103, 105, GVWY, 4801, 20, 240.050000, SHVR, 4358, 20, 217.900000, ZIC, 3323, 20, 166.150000, ZIP, 4861, 20, 243.050000, 103, 105, 
sess0001, 000558, 103, 114, GVWY, 4801, 20, 240.050000, SHVR, 4358, 20, 217.900000, ZIC, 3323, 20, 166.150000, ZIP, 4927, 20, 246.350000, 103, 114, 
sess0001, 000567, 104, 106, GVWY, 4801, 20, 240.050000, SHVR, 4393, 20, 219.650000, ZIC, 3323, 20, 166.150000, ZIP, 4928, 20, 246.400000, 104, 106, 
sess0001, 000567, 95, 108, GVWY, 4801, 20, 240.050000, SHVR, 4396, 20, 219.800000, ZIC, 3323, 20, 166.150000, ZIP, 4943, 20, 247.150000, 95, 108, 
sess0001, 000567, 93, 108, GVWY, 4808, 20, 240.400000, SHVR, 4396, 20, 219.800000, ZIC, 3323, 20, 166.150000, ZIP, 4944, 20, 247.200000, 93, 108, 
sess0001, 000568, 93, 111, GVWY, 4837, 20, 241.850000, SHVR, 4396, 20, 219.800000, ZIC, 3323, 20, 166.150000, ZIP, 4977, 20, 248.850000, 93, 111, 
sess0001, 000570, 95, 98, GVWY, 4837, 20, 241.850000, SHVR, 4413, 20, 220.650000, ZIC, 3347, 20, 167.350000, ZIP, 4977, 20, 248.850000, 95, 98, 
sess0001, 000571, 97, 106, GVWY, 4837, 20, 241.850000, SHVR, 4431, 20, 221.550000, ZIC, 3347, 20, 167.350000, ZIP, 4977, 20, 248.850000, 97, 106, 
sess0001, 000571, 97, 111, GVWY, 4881, 20, 244.050000, SHVR, 4431, 20, 221.550000, ZIC, 3347, 20, 167.350000, ZIP, 5016, 20, 250.800000, 97, 111, 
sess0001, 000572, 96, 109, GVWY, 4929, 20, 246.450000, SHVR, 4441, 20, 222.050000, ZIC, 3347, 20, 167.350000, ZIP, 5016, 20, 250.800000, 96, 109, 
sess0001, 000572, 96, 108, GVWY, 4929, 20, 246.450000, SHVR, 4478, 20, 223.900000, ZIC, 3361, 20, 168.050000, ZIP, 5016, 20, 250.800000, 96, 108, 
sess0001, 000573, 98, 111, GVWY, 4929, 20, 246.450000, SHVR, 4506, 20, 225.300000, ZIC, 3377, 20, 168.850000, ZIP, 5016, 20, 250.800000, 98, 111, 
sess0001, 000574, 93, 111, GVWY, 4929, 20, 246.450000, SHVR, 4506, 20, 225.300000, ZIC, 3377, 20, 168.850000, ZIP, 5032, 20, 251.600000, 93, 111, 
sess0001, 000578, 93, 102, GVWY, 4959, 20, 247.950000, SHVR, 4506, 20, 225.300000, ZIC, 3377, 20, 168.850000, ZIP, 5056, 20, 252.800000, 93, 102, 
sess0001, 000579, 88, 100, GVWY, 4964, 20, 248.200000, SHVR, 4506, 20, 225.300000, ZIC, 3377, 20, 168.850000, ZIP, 5056, 20, 252.800000, 88, 100, 
sess0001, 000579, 88, 103, GVWY, 4964, 20, 248.200000, SHVR, 4506, 20, 225.300000, ZIC, 3416, 20, 170.800000, ZIP, 5096, 20, 254.800000, 88, 103, 
sess0001, 000581, 96, 102, GVWY, 4964, 20, 248.200000, SHVR, 4506, 20, 225.300000, ZIC, 3429, 20, 171.450000, ZIP, 5142, 20, 257.100000, 96, 102, 
sess0001, 000583, 96, 99, GVWY, 4966, 20, 248.300000, SHVR, 4516, 20, 225.800000, ZIC, 3429, 20, 171.450000, ZIP, 5142, 20, 257.100000, 96, 99, 
sess0001, 000584, 97, 99, GVWY, 5015, 20, 250.750000, SHVR, 4559, 20, 227.950000, ZIC, 3429, 20, 171.450000, ZIP, 5142, 20, 257.100000, 97, 99, 
sess0001, 000587, 96, 98, GVWY, 5015, 20, 250.750000, SHVR, 4559, 20, 227.950000, ZIC, 3474, 20, 173.700000, ZIP, 5171, 20, 258.550000, 96, 98, 
sess0001, 000588, 96, 99, GVWY, 5015, 20, 250.750000, SHVR, 4605, 20, 230.250000, ZIC, 3474, 20, 173.700000, ZIP, 5191, 20, 259.550000, 96, 99, 
sess0001, 000590, 95, 98, GVWY, 5055, 20, 252.750000, SHVR, 4640, 20, 232.000000, ZIC, 3474, 20, 173.700000, ZIP, 5191, 20, 259.550000, 95, 98, 
sess0001, 000596, 97, 101, GVWY, 5055, 20, 252.750000, SHVR, 4658, 20, 232.900000, ZIC, 3474, 20, 173.700000, ZIP, 5222, 20, 261.100000, 97, 101, 
sess0001, 000598, 95, 103, GVWY, 5091, 20, 254.550000, SHVR, 4658, 20, 232.900000, ZIC, 3474, 20, 173.700000, ZIP, 5222, 20, 261.100000, 95, 103, 
sess0001, 000600, 97, 103, GVWY, 5091, 20, 254.550000, SHVR, 4658, 20, 232.900000, ZIC, 3474, 20, 173.700000, ZIP, 5222, 20, 261.100000, 97, 103, 
