sess0001, 000010, 91, 121, ZIP, 53, 40, 1.325000, 91, 121, 
sess0001, 000014, 89, 99, ZIP, 103, 40, 2.575000, 89, 99, 
sess0001, 000016, 91, 117, ZIP, 146, 40, 3.650000, 91, 117, 
sess0001, 000018, 91, 114, ZIP, 230, 40, 5.750000, 91, 114, 
sess0001, 000025, 102, 114, ZIP, 266, 40, 6.650000, 102, 114, 
sess0001, 000027, 102, 114, ZIP, 306, 40, 7.650000, 102, 114, 
sess0001, 000028, 102, 114, ZIP, 347, 40, 8.675000, 102, 114, 
sess0001, 000029, 96, 105, ZIP, 427, 40, 10.675000, 96, 105, 
sess0001, 000030, 98, 112, ZIP, 489, 40, 12.225000, 98, 112, 
sess0001, 000031, 96, 112, ZIP, 523, 40, 13.075000, 96, 112, 
sess0001, 000039, 99, 103, ZIP, 573, 40, 14.325000, 99, 103, 
sess0001, 000045, 99, 101, ZIP, 664, 40, 16.600000, 99, 101, 
sess0001, 000045, 99, 101, ZIP, 701, 40, 17.525000, 99, 101, 
sess0001, 000045, 97, 108, ZIP, 751, 40, 18.775000, 97, 108, 
sess0001, 000049, 98, 102, ZIP, 782, 40, 19.550000, 98, 102, 
sess0001, 000050, 98, 101, ZIP, 824, 40, 20.600000, 98, 101, 
sess0001, 000054, 96, 101, ZIP, 903, 40, 22.575000, 96, 101, 
sess0001, 000062, 98, 102, ZIP, 948, 40, 23.700000, 98, 102, 
sess0001, 000063, 97, 102, ZIP, 996, 40, 24.900000, 97, 102, 
sess0001, 000073, 97, 99, ZIP, 1049, 40, 26.225000, 97, 99, 
sess0001, 000073, 96, 98, ZIP, 1106, 40, 27.650000, 96, 98, 
sess0001, 000073, 96, 98, ZIP, 1135, 40, 28.375000, 96, 98, 
sess0001, 000074, 95, 98, ZIP, 1189, 40, 29.725000, 95, 98, 
sess0001, 000081, 97, 99, ZIP, 1272, 40, 31.800000, 97, 99, 
sess0001, 000081, 95, 99, ZIP, 1339, 40, 33.475000, 95, 99, 
sess0001, 000085, 96, 98, ZIP, 1351, 40, 33.775000, 96, 98, 
sess0001, 000085, 96, 98, ZIP, 1390, 40, 34.750000, 96, 98, 
sess0001, 000090, 95, 103, ZIP, 1417, 40, 35.425000, 95, 103, 
sess0001, 000092, 95, 103, ZIP, 1442, 40, 36.050000, 95, 103, 
sess0001, 000117, 97, 101, ZIP, 1480, 40, 37.000000, 97, 101, 
sess0001, 000119, 98, 101, ZIP, 1515, 40, 37.875000, 98, 101, 
sess0001, 000121, 97, 101, ZIP, 1588, 40, 39.700000, 97, 101, 
sess0001, 000124, 97, 101, ZIP, 1671, 40, 41.775000, 97, 101, 
sess0001, 000130, 97, 98, ZIP, 1760, 40, 44.000000, 97, 98, 
sess0001, 000135, 96, 98, ZIP, 1804, 40, 45.100000, 96, 98, 
sess0001, 000136, 96, 100, ZIP, 1857, 40, 46.425000, 96, 100, 
sess0001, 000147, 97, 98, ZIP, 1925, 40, 48.125000, 97, 98, 
sess0001, 000148, 96, 98, ZIP, 1981, 40, 49.525000, 96, 98, 
sess0001, 000159, 96, 98, ZIP, 2052, 40, 51.300000, 96, 98, 
sess0001, 000162, 96, 98, ZIP, 2110, 40, 52.750000, 96, 98, 
sess0001, 000174, 97, 98, ZIP, 2172, 40, 54.300000, 97, 98, 
sess0001, 000174, 97, 98, ZIP, 2209, 40, 55.225000, 97, 98, 
sess0001, 000179, 96, 98, ZIP, 2280, 40, 57.000000, 96, 98, 
sess0001, 000188, 96, 98, ZIP, 2302, 40, 57.550000, 96, 98, 
sess0001, 000220, 96, 97, ZIP, 2347, 40, 58.675000, 96, 97, 
sess0001, 000220, 95, 97, ZIP, 2402, 40, 60.050000, 95, 97, 
sess0001, 000220, 95, 97, ZIP, 2420, 40, 60.500000, 95, 97, 
sess0001, 000221, 95, 96, ZIP, 2480, 40, 62.000000, 95, 96, 
sess0001, 000223, 95, 96, ZIP, 2536, 40, 63.400000, 95, 96, 
sess0001, 000224, 95, 96, ZIP, 2565, 40, 64.125000, 95, 96, 
sess0001, 000226, 94, 96, ZIP, 2610, 40, 65.250000, 94, 96, 
sess0001, 000227, 94, 96, ZIP, 2699, 40, 67.475000, 94, 96, 
sess0001, 000231, 93, 96, ZIP, 2728, 40, 68.200000, 93, 96, 
sess0001, 000232, 93, 99, ZIP, 2729, 40, 68.225000, 93, 99, 
sess0001, 000241, 93, 98, ZIP, 2793, 40, 69.825000, 93, 98, 
sess0001, 000245, 96, 98, ZIP, 2821, 40, 70.525000, 96, 98, 
sess0001, 000247, 96, 98, ZIP, 2846, 40, 71.150000, 96, 98, 
sess0001, 000256, 96, 98, ZIP, 2908, 40, 72.700000, 96, 98, 
sess0001, 000275, 97, 98, ZIP, 2933, 40, 73.325000, 97, 98, 
sess0001, 000278, 96, 98, ZIP, 2982, 40, 74.550000, 96, 98, 
sess0001, 000279, 95, 98, ZIP, 3078, 40, 76.950000, 95, 98, 
sess0001, 000285, 94, 97, ZIP, 3120, 40, 78.000000, 94, 97, 
sess0001, 000290, 93, 97, ZIP, 3146, 40, 78.650000, 93, 97, 
sess0001, 000294, 93, 96, ZIP, 3215, 40, 80.375000, 93, 96, 
sess0001, 000299, 93, 96, ZIP, 3281, 40, 82.025000, 93, 96, 
sess0001, 000304, 92, 95, ZIP, 3365, 40, 84.125000, 92, 95, 
sess0001, 000310, 93, 95, ZIP, 3410, 40, 85.250000, 93, 95, 
sess0001, 000329, 93, 95, ZIP, 3472, 40, 86.800000, 93, 95, 
sess0001, 000330, 93, 95, ZIP, 3572, 40, 89.300000, 93, 95, 
sess0001, 000337, 92, 95, ZIP, 3651, 40, 91.275000, 92, 95, 
sess0001, 000348, 92, 96, ZIP, 3722, 40, 93.050000, 92, 96, 
sess0001, 000373, 92, 95, ZIP, 3762, 40, 94.050000, 92, 95, 
sess0001, 000406, 93, 95, ZIP, 3802, 40, 95.050000, 93, 95, 
sess0001, 000411, 93, 95, ZIP, 3826, 40, 95.650000, 93, 95, 
sess0001, 000414, 93, 96, ZIP, 3898, 40, 97.450000, 93, 96, 
sess0001, 000419, 92, 96, ZIP, 3967, 40, 99.175000, 92, 96, 
sess0001, 000445, 92, 94, ZIP, 4005, 40, 100.125000, 92, 94, 
sess0001, 000446, 92, 93, ZIP, 4030, 40, 100.750000, 92, 93, 
sess0001, 000447, 92, 93, ZIP, 4080, 40, 102.000000, 92, 93, 
sess0001, 000448, 92, 93, ZIP, 4128, 40, 103.200000, 92, 93, 
sess0001, 000452, 91, 94, ZIP, 4159, 40, 103.975000, 91, 94, 
sess0001, 000456, 91, 92, ZIP, 4213, 40, 105.325000, 91, 92, 
sess0001, 000460, 91, 93, ZIP, 4300, 40, 107.500000, 91, 93, 
sess0001, 000465, 91, 92, ZIP, 4388, 40, 109.700000, 91, 92, 
sess0001, 000476, 90, 92, ZIP, 4427, 40, 110.675000, 90, 92, 
sess0001, 000487, 91, 94, ZIP, 4433, 40, 110.825000, 91, 94, 
sess0001, 000487, 91, 94, ZIP, 4473, 40, 111.825000, 91, 94, 
sess0001, 000490, 90, 93, ZIP, 4525, 40, 113.125000, 90, 93, 
sess0001, 000491, 90, 94, ZIP, 4559, 40, 113.975000, 90, 94, 
sess0001, 000492, 90, 93, ZIP, 4645, 40, 116.125000, 90, 93, 
sess0001, 000496, 90, 93, ZIP, 4678, 40, 116.950000, 90, 93, 
sess0001, 000506, 90, 92, ZIP, 4741, 40, 118.525000, 90, 92, 
sess0001, 000511, 90, 92, ZIP, 4772, 40, 119.300000, 90, 92, 
sess0001, 000513, 89, 92, ZIP, 4807, 40, 120.175000, 89, 92, 
sess0001, 000540, 90, 92, ZIP, 4886, 40, 122.150000, 90, 92, 
sess0001, 000550, 90, 92, ZIP, 4985, 40, 124.625000, 90, 92, 
sess0001, 000551, 90, 92, ZIP, 5054, 40, 126.350000, 90, 92, 
sess0001, 000565, 90, 92, ZIP, 5080, 40, 127.000000, 90, 92, 
sess0001, 000565, 89, 92, ZIP, 5109, 40, 127.725000, 89, 92, 
sess0001, 000568, 89, 92, ZIP, 5188, 40, 129.700000, 89, 92, 
sess0001, 000569, 89, 91, ZIP, 5231, 40, 130.775000, 89, 91, 
sess0001, 000580, 89, 91, ZIP, 5325, 40, 133.125000, 89, 91, 
sess0001, 000583, 89, 90, ZIP, 5414, 40, 135.350000, 89, 90, 
sess0001, 000584, 89, 90, ZIP, 5428, 40, 135.700000, 89, 90, 
sess0001, 000584, 89, 90, ZIP, 5496, 40, 137.400000, 89, 90, 
sess0001, 000584, 89, 90, ZIP, 5536, 40, 138.400000, 89, 90, 
sess0001, 000585, 89, 90, ZIP, 5574, 40, 139.350000, 89, 90, 
sess0001, 000585, 88, 92, ZIP, 5594, 40, 139.850000, 88, 92, 
sess0001, 000599, 89, 93, ZIP, 5616, 40, 140.400000, 89, 93, 
sess0001, 000600, 89, 92, ZIP, 5616, 40, 140.400000, 89, 92, 
sess0002, 000001, None, 134, ZIP, 57, 40, 1.425000, N, 134, 
sess0002, 000010, 68, 84, ZIP, 90, 40, 2.250000, 68, 84, 
sess0002, 000017, 68, 82, ZIP, 144, 40, 3.600000, 68, 82, 
sess0002, 000021, 68, 101, ZIP, 206, 40, 5.150000, 68, 101, 
sess0002, 000021, 68, 93, ZIP, 258, 40, 6.450000, 68, 93, 
sess0002, 000023, 68, 92, ZIP, 304, 40, 7.600000, 68, 92, 
sess0002, 000025, 68, 96, ZIP, 347, 40, 8.675000, 68, 96, 
sess0002, 000026, 68, 101, ZIP, 361, 40, 9.025000, 68, 101, 
sess0002, 000028, 67, 92, ZIP, 389, 40, 9.725000, 67, 92, 
sess0002, 000028, 67, 101, ZIP, 458, 40, 11.450000, 67, 101, 
sess0002, 000030, 67, 107, ZIP, 510, 40, 12.750000, 67, 107, 
sess0002, 000031, 68, 107, ZIP, 562, 40, 14.050000, 68, 107, 
sess0002, 000038, 84, 95, ZIP, 590, 40, 14.750000, 84, 95, 
sess0002, 000048, 90, 95, ZIP, 634, 40, 15.850000, 90, 95, 
sess0002, 000056, 91, 95, ZIP, 719, 40, 17.975000, 91, 95, 
sess0002, 000062, 92, 95, ZIP, 749, 40, 18.725000, 92, 95, 
sess0002, 000064, 93, 95, ZIP, 765, 40, 19.125000, 93, 95, 
sess0002, 000065, 93, 97, ZIP, 832, 40, 20.800000, 93, 97, 
sess0002, 000065, 94, 98, ZIP, 870, 40, 21.750000, 94, 98, 
sess0002, 000065, 94, 102, ZIP, 896, 40, 22.400000, 94, 102, 
sess0002, 000068, 94, 95, ZIP, 968, 40, 24.200000, 94, 95, 
sess0002, 000069, 93, 95, ZIP, 1013, 40, 25.325000, 93, 95, 
sess0002, 000071, 93, 95, ZIP, 1085, 40, 27.125000, 93, 95, 
sess0002, 000088, 93, 95, ZIP, 1160, 40, 29.000000, 93, 95, 
sess0002, 000094, 94, 95, ZIP, 1213, 40, 30.325000, 94, 95, 
sess0002, 000094, 93, 95, ZIP, 1299, 40, 32.475000, 93, 95, 
sess0002, 000095, 93, 95, ZIP, 1368, 40, 34.200000, 93, 95, 
sess0002, 000096, 93, 97, ZIP, 1424, 40, 35.600000, 93, 97, 
sess0002, 000099, 93, 95, ZIP, 1486, 40, 37.150000, 93, 95, 
sess0002, 000106, 91, 95, ZIP, 1538, 40, 38.450000, 91, 95, 
sess0002, 000108, 91, 94, ZIP, 1589, 40, 39.725000, 91, 94, 
sess0002, 000113, 92, 94, ZIP, 1610, 40, 40.250000, 92, 94, 
sess0002, 000129, 93, 94, ZIP, 1658, 40, 41.450000, 93, 94, 
sess0002, 000137, 92, 94, ZIP, 1736, 40, 43.400000, 92, 94, 
sess0002, 000149, 92, 95, ZIP, 1803, 40, 45.075000, 92, 95, 
sess0002, 000151, 92, 95, ZIP, 1833, 40, 45.825000, 92, 95, 
sess0002, 000159, 93, 94, ZIP, 1853, 40, 46.325000, 93, 94, 
sess0002, 000170, 93, 94, ZIP, 1936, 40, 48.400000, 93, 94, 
sess0002, 000181, 93, 94, ZIP, 1989, 40, 49.725000, 93, 94, 
sess0002, 000185, 92, 94, ZIP, 2065, 40, 51.625000, 92, 94, 
sess0002, 000189, 93, 94, ZIP, 2125, 40, 53.125000, 93, 94, 
sess0002, 000191, 93, 94, ZIP, 2166, 40, 54.150000, 93, 94, 
sess0002, 000194, 92, 94, ZIP, 2237, 40, 55.925000, 92, 94, 
sess0002, 000197, 93, 94, ZIP, 2258, 40, 56.450000, 93, 94, 
sess0002, 000198, 92, 94, ZIP, 2266, 40, 56.650000, 92, 94, 
sess0002, 000199, 92, 95, ZIP, 2299, 40, 57.475000, 92, 95, 
sess0002, 000202, 93, 100, ZIP, 2377, 40, 59.425000, 93, 100, 
sess0002, 000204, 94, 95, ZIP, 2444, 40, 61.100000, 94, 95, 
sess0002, 000209, 93, 95, ZIP, 2501, 40, 62.525000, 93, 95, 
sess0002, 000210, 93, 98, ZIP, 2539, 40, 63.475000, 93, 98, 
sess0002, 000220, 92, 93, ZIP, 2591, 40, 64.775000, 92, 93, 
sess0002, 000221, 91, 93, ZIP, 2650, 40, 66.250000, 91, 93, 
sess0002, 000234, 92, 93, ZIP, 2726, 40, 68.150000, 92, 93, 
sess0002, 000252, 92, 93, ZIP, 2733, 40, 68.325000, 92, 93, 
sess0002, 000268, 92, 93, ZIP, 2812, 40, 70.300000, 92, 93, 
sess0002, 000270, 92, 93, ZIP, 2843, 40, 71.075000, 92, 93, 
sess0002, 000272, 92, 94, ZIP, 2900, 40, 72.500000, 92, 94, 
sess0002, 000280, 91, 94, ZIP, 2931, 40, 73.275000, 91, 94, 
sess0002, 000280, 91, 94, ZIP, 2977, 40, 74.425000, 91, 94, 
sess0002, 000280, 91, 94, ZIP, 3058, 40, 76.450000, 91, 94, 
sess0002, 000291, 91, 94, ZIP, 3104, 40, 77.600000, 91, 94, 
sess0002, 000296, 93, 94, ZIP, 3143, 40, 78.575000, 93, 94, 
sess0002, 000298, 91, 94, ZIP, 3197, 40, 79.925000, 91, 94, 
sess0002, 000299, 92, 93, ZIP, 3266, 40, 81.650000, 92, 93, 
sess0002, 000300, 92, 94, ZIP, 3308, 40, 82.700000, 92, 94, 
sess0002, 000302, 91, 94, ZIP, 3378, 40, 84.450000, 91, 94, 
sess0002, 000305, 92, 94, ZIP, 3458, 40, 86.450000, 92, 94, 
sess0002, 000328, 92, 93, ZIP, 3511, 40, 87.775000, 92, 93, 
sess0002, 000330, 92, 93, ZIP, 3558, 40, 88.950000, 92, 93, 
sess0002, 000331, 92, 94, ZIP, 3627, 40, 90.675000, 92, 94, 
sess0002, 000334, 92, 93, ZIP, 3666, 40, 91.650000, 92, 93, 
sess0002, 000348, 91, 93, ZIP, 3729, 40, 93.225000, 91, 93, 
sess0002, 000348, 91, 93, ZIP, 3801, 40, 95.025000, 91, 93, 
sess0002, 000358, 92, 93, ZIP, 3838, 40, 95.950000, 92, 93, 
sess0002, 000360, 91, 93, ZIP, 3858, 40, 96.450000, 91, 93, 
sess0002, 000361, 91, 93, ZIP, 3933, 40, 98.325000, 91, 93, 
sess0002, 000363, 92, 94, ZIP, 3942, 40, 98.550000, 92, 94, 
sess0002, 000363, 91, 93, ZIP, 3969, 40, 99.225000, 91, 93, 
sess0002, 000370, 92, 94, ZIP, 4038, 40, 100.950000, 92, 94, 
sess0002, 000383, 92, 93, ZIP, 4086, 40, 102.150000, 92, 93, 
sess0002, 000386, 91, 93, ZIP, 4144, 40, 103.600000, 91, 93, 
sess0002, 000386, 91, 93, ZIP, 4202, 40, 105.050000, 91, 93, 
sess0002, 000389, 92, 93, ZIP, 4222, 40, 105.550000, 92, 93, 
sess0002, 000390, 92, 93, ZIP, 4236, 40, 105.900000, 92, 93, 
sess0002, 000401, 92, 93, ZIP, 4269, 40, 106.725000, 92, 93, 
sess0002, 000402, 91, 93, ZIP, 4348, 40, 108.700000, 91, 93, 
sess0002, 000406, 91, 93, ZIP, 4419, 40, 110.475000, 91, 93, 
sess0002, 000411, 91, 92, ZIP, 4493, 40, 112.325000, 91, 92, 
sess0002, 000416, 91, 92, ZIP, 4584, 40, 114.600000, 91, 92, 
sess0002, 000430, 91, 92, ZIP, 4658, 40, 116.450000, 91, 92, 
sess0002, 000431, 91, 94, ZIP, 4690, 40, 117.250000, 91, 94, 
sess0002, 000441, 90, 93, ZIP, 4699, 40, 117.475000, 90, 93, 
sess0002, 000444, 92, 93, ZIP, 4734, 40, 118.350000, 92, 93, 
sess0002, 000444, 91, 93, ZIP, 4761, 40, 119.025000, 91, 93, 
sess0002, 000445, 91, 94, ZIP, 4793, 40, 119.825000, 91, 94, 
sess0002, 000446, 90, 94, ZIP, 4848, 40, 121.200000, 90, 94, 
sess0002, 000448, 90, 94, ZIP, 4938, 40, 123.450000, 90, 94, 
sess0002, 000449, 90, 94, ZIP, 4975, 40, 124.375000, 90, 94, 
sess0002, 000456, 90, 93, ZIP, 5041, 40, 126.025000, 90, 93, 
sess0002, 000464, 90, 93, ZIP, 5087, 40, 127.175000, 90, 93, 
sess0002, 000466, 90, 93, ZIP, 5107, 40, 127.675000, 90, 93, 
sess0002, 000467, 90, 93, ZIP, 5184, 40, 129.600000, 90, 93, 
sess0002, 000469, 90, 93, ZIP, 5232, 40, 130.800000, 90, 93, 
sess0002, 000485, 92, 95, ZIP, 5253, 40, 131.325000, 92, 95, 
sess0002, 000508, 92, 93, ZIP, 5308, 40, 132.700000, 92, 93, 
sess0002, 000508, 92, 93, ZIP, 5373, 40, 134.325000, 92, 93, 
sess0002, 000508, 91, 93, ZIP, 5443, 40, 136.075000, 91, 93, 
sess0002, 000513, 91, 93, ZIP, 5477, 40, 136.925000, 91, 93, 
sess0002, 000514, 91, 93, ZIP, 5528, 40, 138.200000, 91, 93, 
sess0002, 000547, 91, 92, ZIP, 5578, 40, 139.450000, 91, 92, 
sess0002, 000549, 91, 92, ZIP, 5671, 40, 141.775000, 91, 92, 
sess0002, 000550, 90, 92, ZIP, 5695, 40, 142.375000, 90, 92, 
sess0002, 000558, 89, 91, ZIP, 5766, 40, 144.150000, 89, 91, 
sess0002, 000571, 89, 91, ZIP, 5811, 40, 145.275000, 89, 91, 
sess0002, 000586, 89, 91, ZIP, 5849, 40, 146.225000, 89, 91, 
sess0002, 000592, 89, 91, ZIP, 5896, 40, 147.400000, 89, 91, 
sess0002, 000593, 89, 90, ZIP, 5933, 40, 148.325000, 89, 90, 
sess0002, 000597, 88, 90, ZIP, 5990, 40, 149.750000, 88, 90, 
sess0002, 000600, 89, 90, ZIP, 5990, 40, 149.750000, 89, 90, 
sess0003, 000006, None, 99, ZIP, 35, 40, 0.875000, N, 99, 
sess0003, 000009, 70, 96, ZIP, 95, 40, 2.375000, 70, 96, 
sess0003, 000015, 83, 92, ZIP, 119, 40, 2.975000, 83, 92, 
sess0003, 000017, 83, 121, ZIP, 167, 40, 4.175000, 83, 121, 
sess0003, 000018, 82, 121, ZIP, 205, 40, 5.125000, 82, 121, 
sess0003, 000018, 82, 121, ZIP, 287, 40, 7.175000, 82, 121, 
sess0003, 000019, 82, 121, ZIP, 355, 40, 8.875000, 82, 121, 
sess0003, 000028, 102, 121, ZIP, 437, 40, 10.925000, 102, 121, 
sess0003, 000033, 103, 123, ZIP, 498, 40, 12.450000, 103, 123, 
sess0003, 000039, 105, 123, ZIP, 551, 40, 13.775000, 105, 123, 
sess0003, 000042, 105, 109, ZIP, 619, 40, 15.475000, 105, 109, 
sess0003, 000050, 104, 108, ZIP, 659, 40, 16.475000, 104, 108, 
sess0003, 000052, 101, 106, ZIP, 698, 40, 17.450000, 101, 106, 
sess0003, 000053, 101, 107, ZIP, 787, 40, 19.675000, 101, 107, 
sess0003, 000055, 103, 108, ZIP, 845, 40, 21.125000, 103, 108, 
sess0003, 000060, 104, 106, ZIP, 909, 40, 22.725000, 104, 106, 
sess0003, 000060, 104, 106, ZIP, 945, 40, 23.625000, 104, 106, 
sess0003, 000063, 104, 106, ZIP, 994, 40, 24.850000, 104, 106, 
sess0003, 000064, 104, 105, ZIP, 1025, 40, 25.625000, 104, 105, 
sess0003, 000070, 103, 106, ZIP, 1069, 40, 26.725000, 103, 106, 
sess0003, 000075, 101, 104, ZIP, 1134, 40, 28.350000, 101, 104, 
sess0003, 000079, 101, 104, ZIP, 1168, 40, 29.200000, 101, 104, 
sess0003, 000080, 100, 104, ZIP, 1244, 40, 31.100000, 100, 104, 
sess0003, 000082, 103, 105, ZIP, 1259, 40, 31.475000, 103, 105, 
sess0003, 000082, 100, 105, ZIP, 1317, 40, 32.925000, 100, 105, 
sess0003, 000083, 101, 102, ZIP, 1348, 40, 33.700000, 101, 102, 
sess0003, 000083, 101, 107, ZIP, 1410, 40, 35.250000, 101, 107, 
sess0003, 000090, 102, 103, ZIP, 1420, 40, 35.500000, 102, 103, 
sess0003, 000101, 101, 103, ZIP, 1487, 40, 37.175000, 101, 103, 
sess0003, 000104, 99, 103, ZIP, 1542, 40, 38.550000, 99, 103, 
sess0003, 000111, 100, 103, ZIP, 1598, 40, 39.950000, 100, 103, 
sess0003, 000111, 102, 103, ZIP, 1657, 40, 41.425000, 102, 103, 
sess0003, 000112, 100, 103, ZIP, 1731, 40, 43.275000, 100, 103, 
sess0003, 000121, 100, 102, ZIP, 1758, 40, 43.950000, 100, 102, 
sess0003, 000122, 99, 102, ZIP, 1806, 40, 45.150000, 99, 102, 
sess0003, 000124, 100, 102, ZIP, 1873, 40, 46.825000, 100, 102, 
sess0003, 000124, 99, 102, ZIP, 1946, 40, 48.650000, 99, 102, 
sess0003, 000129, 99, 100, ZIP, 1983, 40, 49.575000, 99, 100, 
sess0003, 000132, 99, 100, ZIP, 2017, 40, 50.425000, 99, 100, 
sess0003, 000135, 98, 100, ZIP, 2052, 40, 51.300000, 98, 100, 
sess0003, 000139, 98, 101, ZIP, 2128, 40, 53.200000, 98, 101, 
sess0003, 000143, 98, 99, ZIP, 2151, 40, 53.775000, 98, 99, 
sess0003, 000143, 97, 99, ZIP, 2172, 40, 54.300000, 97, 99, 
sess0003, 000146, 97, 99, ZIP, 2249, 40, 56.225000, 97, 99, 
sess0003, 000148, 95, 99, ZIP, 2333, 40, 58.325000, 95, 99, 
sess0003, 000159, 95, 99, ZIP, 2401, 40, 60.025000, 95, 99, 
sess0003, 000172, 95, 99, ZIP, 2488, 40, 62.200000, 95, 99, 
sess0003, 000175, 97, 99, ZIP, 2536, 40, 63.400000, 97, 99, 
sess0003, 000192, 96, 99, ZIP, 2602, 40, 65.050000, 96, 99, 
sess0003, 000203, 96, 100, ZIP, 2626, 40, 65.650000, 96, 100, 
sess0003, 000208, 96, 98, ZIP, 2677, 40, 66.925000, 96, 98, 
sess0003, 000212, 97, 98, ZIP, 2723, 40, 68.075000, 97, 98, 
sess0003, 000212, 96, 98, ZIP, 2736, 40, 68.400000, 96, 98, 
sess0003, 000212, 96, 98, ZIP, 2790, 40, 69.750000, 96, 98, 
sess0003, 000226, 95, 97, ZIP, 2849, 40, 71.225000, 95, 97, 
sess0003, 000241, 95, 97, ZIP, 2906, 40, 72.650000, 95, 97, 
sess0003, 000249, 95, 98, ZIP, 2964, 40, 74.100000, 95, 98, 
sess0003, 000250, 95, 96, ZIP, 3010, 40, 75.250000, 95, 96, 
sess0003, 000251, 94, 96, ZIP, 3078, 40, 76.950000, 94, 96, 
sess0003, 000253, 94, 98, ZIP, 3149, 40, 78.725000, 94, 98, 
sess0003, 000260, 93, 96, ZIP, 3204, 40, 80.100000, 93, 96, 
sess0003, 000260, 95, 98, ZIP, 3273, 40, 81.825000, 95, 98, 
sess0003, 000282, 95, 97, ZIP, 3322, 40, 83.050000, 95, 97, 
sess0003, 000285, 95, 97, ZIP, 3384, 40, 84.600000, 95, 97, 
sess0003, 000287, 95, 98, ZIP, 3445, 40, 86.125000, 95, 98, 
sess0003, 000300, 94, 97, ZIP, 3469, 40, 86.725000, 94, 97, 
sess0003, 000301, 94, 96, ZIP, 3473, 40, 86.825000, 94, 96, 
sess0003, 000302, 94, 96, ZIP, 3563, 40, 89.075000, 94, 96, 
sess0003, 000302, 94, 96, ZIP, 3633, 40, 90.825000, 94, 96, 
sess0003, 000302, 93, 95, ZIP, 3712, 40, 92.800000, 93, 95, 
sess0003, 000308, 93, 95, ZIP, 3776, 40, 94.400000, 93, 95, 
sess0003, 000310, 93, 95, ZIP, 3814, 40, 95.350000, 93, 95, 
sess0003, 000329, 93, 95, ZIP, 3848, 40, 96.200000, 93, 95, 
sess0003, 000330, 93, 95, ZIP, 3893, 40, 97.325000, 93, 95, 
sess0003, 000330, 92, 95, ZIP, 3928, 40, 98.200000, 92, 95, 
sess0003, 000330, 92, 94, ZIP, 3979, 40, 99.475000, 92, 94, 
sess0003, 000331, 92, 95, ZIP, 4013, 40, 100.325000, 92, 95, 
sess0003, 000331, 92, 95, ZIP, 4097, 40, 102.425000, 92, 95, 
sess0003, 000342, 94, 99, ZIP, 4107, 40, 102.675000, 94, 99, 
sess0003, 000349, 94, 97, ZIP, 4206, 40, 105.150000, 94, 97, 
sess0003, 000357, 93, 95, ZIP, 4261, 40, 106.525000, 93, 95, 
sess0003, 000360, 94, 95, ZIP, 4309, 40, 107.725000, 94, 95, 
sess0003, 000367, 93, 95, ZIP, 4335, 40, 108.375000, 93, 95, 
sess0003, 000368, 93, 95, ZIP, 4382, 40, 109.550000, 93, 95, 
sess0003, 000383, 92, 95, ZIP, 4440, 40, 111.000000, 92, 95, 
sess0003, 000383, 92, 95, ZIP, 4484, 40, 112.100000, 92, 95, 
sess0003, 000394, 93, 94, ZIP, 4559, 40, 113.975000, 93, 94, 
sess0003, 000397, 92, 94, ZIP, 4580, 40, 114.500000, 92, 94, 
sess0003, 000405, 92, 94, ZIP, 4676, 40, 116.900000, 92, 94, 
sess0003, 000406, 91, 93, ZIP, 4714, 40, 117.850000, 91, 93, 
sess0003, 000410, 92, 93, ZIP, 4736, 40, 118.400000, 92, 93, 
sess0003, 000413, 92, 93, ZIP, 4812, 40, 120.300000, 92, 93, 
sess0003, 000418, 92, 93, ZIP, 4851, 40, 121.275000, 92, 93, 
sess0003, 000434, 92, 93, ZIP, 4911, 40, 122.775000, 92, 93, 
sess0003, 000436, 92, 95, ZIP, 4939, 40, 123.475000, 92, 95, 
sess0003, 000436, 91, 95, ZIP, 4974, 40, 124.350000, 91, 95, 
sess0003, 000436, 90, 94, ZIP, 5040, 40, 126.000000, 90, 94, 
sess0003, 000437, 90, 95, ZIP, 5076, 40, 126.900000, 90, 95, 
sess0003, 000442, 91, 92, ZIP, 5121, 40, 128.025000, 91, 92, 
sess0003, 000451, 91, 92, ZIP, 5208, 40, 130.200000, 91, 92, 
sess0003, 000456, 91, 92, ZIP, 5271, 40, 131.775000, 91, 92, 
sess0003, 000459, 91, 94, ZIP, 5311, 40, 132.775000, 91, 94, 
sess0003, 000460, 91, 94, ZIP, 5325, 40, 133.125000, 91, 94, 
sess0003, 000461, 90, 94, ZIP, 5372, 40, 134.300000, 90, 94, 
sess0003, 000462, 90, 91, ZIP, 5401, 40, 135.025000, 90, 91, 
sess0003, 000463, 90, 94, ZIP, 5448, 40, 136.200000, 90, 94, 
sess0003, 000469, 90, 92, ZIP, 5529, 40, 138.225000, 90, 92, 
sess0003, 000492, 90, 92, ZIP, 5602, 40, 140.050000, 90, 92, 
sess0003, 000494, 91, 92, ZIP, 5679, 40, 141.975000, 91, 92, 
sess0003, 000495, 90, 92, ZIP, 5717, 40, 142.925000, 90, 92, 
sess0003, 000506, 91, 93, ZIP, 5753, 40, 143.825000, 91, 93, 
sess0003, 000510, 91, 93, ZIP, 5828, 40, 145.700000, 91, 93, 
sess0003, 000510, 90, 93, ZIP, 5863, 40, 146.575000, 90, 93, 
sess0003, 000510, 90, 93, ZIP, 5884, 40, 147.100000, 90, 93, 
sess0003, 000512, 89, 93, ZIP, 5947, 40, 148.675000, 89, 93, 
sess0003, 000512, 89, 93, ZIP, 6000, 40, 150.000000, 89, 93, 
sess0003, 000515, 89, 91, ZIP, 6056, 40, 151.400000, 89, 91, 
sess0003, 000515, 88, 94, ZIP, 6123, 40, 153.075000, 88, 94, 
sess0003, 000518, 86, 94, ZIP, 6155, 40, 153.875000, 86, 94, 
sess0003, 000521, 88, 94, ZIP, 6167, 40, 154.175000, 88, 94, 
sess0003, 000544, 88, 90, ZIP, 6193, 40, 154.825000, 88, 90, 
sess0003, 000550, 88, 89, ZIP, 6273, 40, 156.825000, 88, 89, 
sess0003, 000550, 88, 89, ZIP, 6348, 40, 158.700000, 88, 89, 
sess0003, 000552, 87, 89, ZIP, 6394, 40, 159.850000, 87, 89, 
sess0003, 000553, 87, 90, ZIP, 6418, 40, 160.450000, 87, 90, 
sess0003, 000557, 87, 90, ZIP, 6476, 40, 161.900000, 87, 90, 
sess0003, 000565, 88, 90, ZIP, 6529, 40, 163.225000, 88, 90, 
sess0003, 000567, 87, 90, ZIP, 6589, 40, 164.725000, 87, 90, 
sess0003, 000569, 87, 90, ZIP, 6630, 40, 165.750000, 87, 90, 
sess0003, 000572, 87, 91, ZIP, 6662, 40, 166.550000, 87, 91, 
sess0003, 000578, 87, 89, ZIP, 6677, 40, 166.925000, 87, 89, 
sess0003, 000595, 87, 89, ZIP, 6731, 40, 168.275000, 87, 89, 
sess0003, 000597, 88, 89, ZIP, 6763, 40, 169.075000, 88, 89, 
sess0003, 000600, 88, 89, ZIP, 6763, 40, 169.075000, 88, 89, 
sess0004, 000008, 62, 92, ZIP, 59, 40, 1.475000, 62, 92, 
sess0004, 000010, 62, 86, ZIP, 110, 40, 2.750000, 62, 86, 
sess0004, 000011, 62, 86, ZIP, 140, 40, 3.500000, 62, 86, 
sess0004, 000015, 62, 86, ZIP, 178, 40, 4.450000, 62, 86, 
sess0004, 000015, 62, 89, ZIP, 196, 40, 4.900000, 62, 89, 
sess0004, 000015, 62, 92, ZIP, 227, 40, 5.675000, 62, 92, 
sess0004, 000017, 62, 103, ZIP, 265, 40, 6.625000, 62, 103, 
sess0004, 000021, 62, 114, ZIP, 305, 40, 7.625000, 62, 114, 
sess0004, 000025, 97, 119, ZIP, 348, 40, 8.700000, 97, 119, 
sess0004, 000027, 96, 116, ZIP, 421, 40, 10.525000, 96, 116, 
sess0004, 000030, 79, 116, ZIP, 491, 40, 12.275000, 79, 116, 
sess0004, 000031, 79, 118, ZIP, 556, 40, 13.900000, 79, 118, 
sess0004, 000047, 96, 103, ZIP, 641, 40, 16.025000, 96, 103, 
sess0004, 000048, 96, 100, ZIP, 658, 40, 16.450000, 96, 100, 
sess0004, 000050, 96, 98, ZIP, 711, 40, 17.775000, 96, 98, 
sess0004, 000050, 96, 98, ZIP, 762, 40, 19.050000, 96, 98, 
sess0004, 000050, 96, 98, ZIP, 811, 40, 20.275000, 96, 98, 
sess0004, 000050, 95, 99, ZIP, 896, 40, 22.400000, 95, 99, 
sess0004, 000059, 94, 99, ZIP, 954, 40, 23.850000, 94, 99, 
sess0004, 000064, 93, 95, ZIP, 971, 40, 24.275000, 93, 95, 
sess0004, 000068, 94, 97, ZIP, 1023, 40, 25.575000, 94, 97, 
sess0004, 000071, 93, 95, ZIP, 1055, 40, 26.375000, 93, 95, 
sess0004, 000080, 94, 95, ZIP, 1116, 40, 27.900000, 94, 95, 
sess0004, 000083, 93, 95, ZIP, 1182, 40, 29.550000, 93, 95, 
sess0004, 000089, 93, 96, ZIP, 1254, 40, 31.350000, 93, 96, 
sess0004, 000090, 92, 96, ZIP, 1276, 40, 31.900000, 92, 96, 
sess0004, 000103, 93, 96, ZIP, 1353, 40, 33.825000, 93, 96, 
sess0004, 000105, 95, 98, ZIP, 1403, 40, 35.075000, 95, 98, 
sess0004, 000106, 94, 96, ZIP, 1450, 40, 36.250000, 94, 96, 
sess0004, 000109, 94, 96, ZIP, 1501, 40, 37.525000, 94, 96, 
sess0004, 000109, 94, 96, ZIP, 1605, 40, 40.125000, 94, 96, 
sess0004, 000120, 96, 98, ZIP, 1650, 40, 41.250000, 96, 98, 
sess0004, 000134, 96, 98, ZIP, 1690, 40, 42.250000, 96, 98, 
sess0004, 000136, 96, 98, ZIP, 1713, 40, 42.825000, 96, 98, 
sess0004, 000140, 96, 99, ZIP, 1778, 40, 44.450000, 96, 99, 
sess0004, 000144, 95, 98, ZIP, 1816, 40, 45.400000, 95, 98, 
sess0004, 000148, 96, 97, ZIP, 1881, 40, 47.025000, 96, 97, 
sess0004, 000153, 96, 97, ZIP, 1976, 40, 49.400000, 96, 97, 
sess0004, 000153, 96, 97, ZIP, 2026, 40, 50.650000, 96, 97, 
sess0004, 000154, 95, 97, ZIP, 2066, 40, 51.650000, 95, 97, 
sess0004, 000155, 95, 97, ZIP, 2103, 40, 52.575000, 95, 97, 
sess0004, 000157, 96, 97, ZIP, 2151, 40, 53.775000, 96, 97, 
sess0004, 000162, 96, 97, ZIP, 2180, 40, 54.500000, 96, 97, 
sess0004, 000169, 96, 97, ZIP, 2201, 40, 55.025000, 96, 97, 
sess0004, 000183, 95, 97, ZIP, 2207, 40, 55.175000, 95, 97, 
sess0004, 000189, 95, 98, ZIP, 2234, 40, 55.850000, 95, 98, 
sess0004, 000192, 95, 98, ZIP, 2336, 40, 58.400000, 95, 98, 
sess0004, 000205, 95, 98, ZIP, 2396, 40, 59.900000, 95, 98, 
sess0004, 000206, 94, 96, ZIP, 2446, 40, 61.150000, 94, 96, 
sess0004, 000207, 94, 96, ZIP, 2495, 40, 62.375000, 94, 96, 
sess0004, 000207, 94, 97, ZIP, 2580, 40, 64.500000, 94, 97, 
sess0004, 000209, 94, 97, ZIP, 2633, 40, 65.825000, 94, 97, 
sess0004, 000211, 94, 96, ZIP, 2728, 40, 68.200000, 94, 96, 
sess0004, 000215, 93, 96, ZIP, 2757, 40, 68.925000, 93, 96, 
sess0004, 000215, 93, 96, ZIP, 2834, 40, 70.850000, 93, 96, 
sess0004, 000222, 93, 96, ZIP, 2880, 40, 72.000000, 93, 96, 
sess0004, 000230, 92, 95, ZIP, 2937, 40, 73.425000, 92, 95, 
sess0004, 000232, 92, 93, ZIP, 2978, 40, 74.450000, 92, 93, 
sess0004, 000235, 92, 94, ZIP, 3014, 40, 75.350000, 92, 94, 
sess0004, 000236, 92, 94, ZIP, 3027, 40, 75.675000, 92, 94, 
sess0004, 000236, 92, 101, ZIP, 3087, 40, 77.175000, 92, 101, 
sess0004, 000250, 92, 94, ZIP, 3150, 40, 78.750000, 92, 94, 
sess0004, 000250, 92, 95, ZIP, 3235, 40, 80.875000, 92, 95, 
sess0004, 000251, 91, 93, ZIP, 3265, 40, 81.625000, 91, 93, 
sess0004, 000259, 91, 93, ZIP, 3344, 40, 83.600000, 91, 93, 
sess0004, 000266, 91, 93, ZIP, 3434, 40, 85.850000, 91, 93, 
sess0004, 000267, 91, 93, ZIP, 3471, 40, 86.775000, 91, 93, 
sess0004, 000271, 91, 94, ZIP, 3531, 40, 88.275000, 91, 94, 
sess0004, 000273, 91, 93, ZIP, 3575, 40, 89.375000, 91, 93, 
sess0004, 000285, 91, 92, ZIP, 3595, 40, 89.875000, 91, 92, 
sess0004, 000288, 91, 93, ZIP, 3671, 40, 91.775000, 91, 93, 
sess0004, 000289, 91, 93, ZIP, 3740, 40, 93.500000, 91, 93, 
sess0004, 000294, 91, 92, ZIP, 3774, 40, 94.350000, 91, 92, 
sess0004, 000297, 91, 92, ZIP, 3842, 40, 96.050000, 91, 92, 
sess0004, 000315, 91, 92, ZIP, 3856, 40, 96.400000, 91, 92, 
sess0004, 000317, 90, 92, ZIP, 3930, 40, 98.250000, 90, 92, 
sess0004, 000317, 90, 92, ZIP, 3967, 40, 99.175000, 90, 92, 
sess0004, 000323, 92, 95, ZIP, 4059, 40, 101.475000, 92, 95, 
sess0004, 000323, 91, 93, ZIP, 4086, 40, 102.150000, 91, 93, 
sess0004, 000324, 91, 93, ZIP, 4177, 40, 104.425000, 91, 93, 
sess0004, 000324, 91, 94, ZIP, 4214, 40, 105.350000, 91, 94, 
sess0004, 000333, 90, 92, ZIP, 4258, 40, 106.450000, 90, 92, 
sess0004, 000340, 89, 92, ZIP, 4290, 40, 107.250000, 89, 92, 
sess0004, 000345, 89, 90, ZIP, 4369, 40, 109.225000, 89, 90, 
sess0004, 000349, 89, 90, ZIP, 4384, 40, 109.600000, 89, 90, 
sess0004, 000352, 89, 92, ZIP, 4459, 40, 111.475000, 89, 92, 
sess0004, 000355, 89, 92, ZIP, 4549, 40, 113.725000, 89, 92, 
sess0004, 000369, 89, 92, ZIP, 4592, 40, 114.800000, 89, 92, 
sess0004, 000378, 90, 92, ZIP, 4671, 40, 116.775000, 90, 92, 
sess0004, 000380, 90, 96, ZIP, 4737, 40, 118.425000, 90, 96, 
sess0004, 000389, 92, 93, ZIP, 4810, 40, 120.250000, 92, 93, 
sess0004, 000390, 91, 93, ZIP, 4886, 40, 122.150000, 91, 93, 
sess0004, 000411, 91, 95, ZIP, 4932, 40, 123.300000, 91, 95, 
sess0004, 000420, 91, 94, ZIP, 4961, 40, 124.025000, 91, 94, 
sess0004, 000430, 92, 95, ZIP, 5030, 40, 125.750000, 92, 95, 
sess0004, 000431, 91, 95, ZIP, 5075, 40, 126.875000, 91, 95, 
sess0004, 000444, 92, 95, ZIP, 5106, 40, 127.650000, 92, 95, 
sess0004, 000445, 92, 95, ZIP, 5166, 40, 129.150000, 92, 95, 
sess0004, 000448, 92, 95, ZIP, 5259, 40, 131.475000, 92, 95, 
sess0004, 000449, 91, 95, ZIP, 5326, 40, 133.150000, 91, 95, 
sess0004, 000451, 91, 95, ZIP, 5359, 40, 133.975000, 91, 95, 
sess0004, 000460, 94, 95, ZIP, 5439, 40, 135.975000, 94, 95, 
sess0004, 000461, 92, 95, ZIP, 5446, 40, 136.150000, 92, 95, 
sess0004, 000474, 93, 95, ZIP, 5462, 40, 136.550000, 93, 95, 
sess0004, 000486, 94, 95, ZIP, 5506, 40, 137.650000, 94, 95, 
sess0004, 000492, 94, 95, ZIP, 5583, 40, 139.575000, 94, 95, 
sess0004, 000494, 93, 95, ZIP, 5632, 40, 140.800000, 93, 95, 
sess0004, 000504, 93, 95, ZIP, 5636, 40, 140.900000, 93, 95, 
sess0004, 000507, 93, 95, ZIP, 5718, 40, 142.950000, 93, 95, 
sess0004, 000509, 93, 95, ZIP, 5791, 40, 144.775000, 93, 95, 
sess0004, 000509, 93, 96, ZIP, 5823, 40, 145.575000, 93, 96, 
sess0004, 000517, 93, 94, ZIP, 5876, 40, 146.900000, 93, 94, 
sess0004, 000518, 92, 95, ZIP, 5907, 40, 147.675000, 92, 95, 
sess0004, 000518, 92, 95, ZIP, 5951, 40, 148.775000, 92, 95, 
sess0004, 000519, 92, 94, ZIP, 5997, 40, 149.925000, 92, 94, 
sess0004, 000520, 92, 94, ZIP, 6038, 40, 150.950000, 92, 94, 
sess0004, 000524, 92, 93, ZIP, 6133, 40, 153.325000, 92, 93, 
sess0004, 000525, 92, 94, ZIP, 6162, 40, 154.050000, 92, 94, 
sess0004, 000525, 91, 94, ZIP, 6240, 40, 156.000000, 91, 94, 
sess0004, 000528, 91, 93, ZIP, 6323, 40, 158.075000, 91, 93, 
sess0004, 000530, 91, 93, ZIP, 6371, 40, 159.275000, 91, 93, 
sess0004, 000531, 90, 93, ZIP, 6390, 40, 159.750000, 90, 93, 
sess0004, 000531, 89, 100, ZIP, 6397, 40, 159.925000, 89, 100, 
sess0004, 000542, 89, 101, ZIP, 6468, 40, 161.700000, 89, 101, 
sess0004, 000545, 90, 101, ZIP, 6509, 40, 162.725000, 90, 101, 
sess0004, 000548, 92, 101, ZIP, 6534, 40, 163.350000, 92, 101, 
sess0004, 000555, 96, 101, ZIP, 6571, 40, 164.275000, 96, 101, 
sess0004, 000561, 95, 101, ZIP, 6609, 40, 165.225000, 95, 101, 
sess0004, 000566, 96, 101, ZIP, 6653, 40, 166.325000, 96, 101, 
sess0004, 000567, 95, 97, ZIP, 6729, 40, 168.225000, 95, 97, 
sess0004, 000577, 95, 97, ZIP, 6812, 40, 170.300000, 95, 97, 
sess0004, 000578, 94, 100, ZIP, 6824, 40, 170.600000, 94, 100, 
sess0004, 000578, 94, 100, ZIP, 6913, 40, 172.825000, 94, 100, 
sess0004, 000593, 95, 96, ZIP, 6938, 40, 173.450000, 95, 96, 
sess0004, 000595, 94, 96, ZIP, 7034, 40, 175.850000, 94, 96, 
sess0004, 000600, 95, 96, ZIP, 7034, 40, 175.850000, 95, 96, 
sess0005, 000006, None, None, ZIP, 30, 40, 0.750000, N, N, 
sess0005, 000007, None, None, ZIP, 131, 40, 3.275000, N, N, 
sess0005, 000014, 80, 97, ZIP, 198, 40, 4.950000, 80, 97, 
sess0005, 000017, 80, 109, ZIP, 264, 40, 6.600000, 80, 109, 
sess0005, 000020, 80, 104, ZIP, 302, 40, 7.550000, 80, 104, 
sess0005, 000022, 80, 96, ZIP, 355, 40, 8.875000, 80, 96, 
sess0005, 000024, 83, 107, ZIP, 402, 40, 10.050000, 83, 107, 
sess0005, 000026, 80, 107, ZIP, 458, 40, 11.450000, 80, 107, 
sess0005, 000031, 93, 107, ZIP, 539, 40, 13.475000, 93, 107, 
sess0005, 000034, 93, 107, ZIP, 554, 40, 13.850000, 93, 107, 
sess0005, 000035, 86, 107, ZIP, 650, 40, 16.250000, 86, 107, 
sess0005, 000039, 90, 97, ZIP, 729, 40, 18.225000, 90, 97, 
sess0005, 000052, 91, 100, ZIP, 763, 40, 19.075000, 91, 100, 
sess0005, 000053, 93, 99, ZIP, 770, 40, 19.250000, 93, 99, 
sess0005, 000071, 93, 96, ZIP, 843, 40, 21.075000, 93, 96, 
sess0005, 000078, 94, 96, ZIP, 888, 40, 22.200000, 94, 96, 
sess0005, 000099, 95, 96, ZIP, 981, 40, 24.525000, 95, 96, 
sess0005, 000111, 95, 96, ZIP, 1009, 40, 25.225000, 95, 96, 
sess0005, 000117, 94, 96, ZIP, 1029, 40, 25.725000, 94, 96, 
sess0005, 000119, 94, 96, ZIP, 1097, 40, 27.425000, 94, 96, 
sess0005, 000120, 94, 96, ZIP, 1115, 40, 27.875000, 94, 96, 
sess0005, 000120, 94, 97, ZIP, 1165, 40, 29.125000, 94, 97, 
sess0005, 000120, 94, 97, ZIP, 1222, 40, 30.550000, 94, 97, 
sess0005, 000120, 93, 97, ZIP, 1305, 40, 32.625000, 93, 97, 
sess0005, 000120, 91, 97, ZIP, 1384, 40, 34.600000, 91, 97, 
sess0005, 000127, 93, 97, ZIP, 1393, 40, 34.825000, 93, 97, 
sess0005, 000131, 93, 95, ZIP, 1416, 40, 35.400000, 93, 95, 
sess0005, 000153, 92, 95, ZIP, 1436, 40, 35.900000, 92, 95, 
sess0005, 000154, 93, 95, ZIP, 1481, 40, 37.025000, 93, 95, 
sess0005, 000163, 94, 95, ZIP, 1537, 40, 38.425000, 94, 95, 
sess0005, 000177, 94, 95, ZIP, 1594, 40, 39.850000, 94, 95, 
sess0005, 000180, 94, 95, ZIP, 1672, 40, 41.800000, 94, 95, 
sess0005, 000203, 91, 95, ZIP, 1713, 40, 42.825000, 91, 95, 
sess0005, 000210, 92, 95, ZIP, 1760, 40, 44.000000, 92, 95, 
sess0005, 000210, 92, 94, ZIP, 1814, 40, 45.350000, 92, 94, 
sess0005, 000213, 92, 93, ZIP, 1847, 40, 46.175000, 92, 93, 
sess0005, 000214, 91, 93, ZIP, 1852, 40, 46.300000, 91, 93, 
sess0005, 000218, 91, 92, ZIP, 1919, 40, 47.975000, 91, 92, 
sess0005, 000240, 92, 93, ZIP, 1980, 40, 49.500000, 92, 93, 
sess0005, 000252, 91, 93, ZIP, 2026, 40, 50.650000, 91, 93, 
sess0005, 000256, 91, 93, ZIP, 2100, 40, 52.500000, 91, 93, 
sess0005, 000257, 91, 93, ZIP, 2167, 40, 54.175000, 91, 93, 
sess0005, 000258, 91, 93, ZIP, 2228, 40, 55.700000, 91, 93, 
sess0005, 000266, 91, 94, ZIP, 2295, 40, 57.375000, 91, 94, 
sess0005, 000281, 93, 94, ZIP, 2322, 40, 58.050000, 93, 94, 
sess0005, 000290, 92, 94, ZIP, 2399, 40, 59.975000, 92, 94, 
sess0005, 000290, 92, 94, ZIP, 2409, 40, 60.225000, 92, 94, 
sess0005, 000290, 92, 94, ZIP, 2467, 40, 61.675000, 92, 94, 
sess0005, 000304, 92, 94, ZIP, 2518, 40, 62.950000, 92, 94, 
sess0005, 000312, 92, 94, ZIP, 2588, 40, 64.700000, 92, 94, 
sess0005, 000312, 92, 94, ZIP, 2667, 40, 66.675000, 92, 94, 
sess0005, 000329, 92, 93, ZIP, 2699, 40, 67.475000, 92, 93, 
sess0005, 000331, 92, 93, ZIP, 2721, 40, 68.025000, 92, 93, 
sess0005, 000334, 92, 93, ZIP, 2752, 40, 68.800000, 92, 93, 
sess0005, 000340, 92, 94, ZIP, 2787, 40, 69.675000, 92, 94, 
sess0005, 000348, 91, 94, ZIP, 2846, 40, 71.150000, 91, 94, 
sess0005, 000356, 91, 92, ZIP, 2896, 40, 72.400000, 91, 92, 
sess0005, 000356, 91, 94, ZIP, 2950, 40, 73.750000, 91, 94, 
sess0005, 000358, 90, 92, ZIP, 2975, 40, 74.375000, 90, 92, 
sess0005, 000364, 90, 92, ZIP, 3052, 40, 76.300000, 90, 92, 
sess0005, 000371, 91, 94, ZIP, 3111, 40, 77.775000, 91, 94, 
sess0005, 000371, 91, 94, ZIP, 3185, 40, 79.625000, 91, 94, 
sess0005, 000378, 91, 93, ZIP, 3270, 40, 81.750000, 91, 93, 
sess0005, 000382, 91, 93, ZIP, 3322, 40, 83.050000, 91, 93, 
sess0005, 000384, 90, 93, ZIP, 3369, 40, 84.225000, 90, 93, 
sess0005, 000384, 90, 93, ZIP, 3425, 40, 85.625000, 90, 93, 
sess0005, 000391, 90, 93, ZIP, 3466, 40, 86.650000, 90, 93, 
sess0005, 000401, 89, 92, ZIP, 3546, 40, 88.650000, 89, 92, 
sess0005, 000402, 89, 91, ZIP, 3599, 40, 89.975000, 89, 91, 
sess0005, 000403, 89, 91, ZIP, 3605, 40, 90.125000, 89, 91, 
sess0005, 000404, 89, 91, ZIP, 3677, 40, 91.925000, 89, 91, 
sess0005, 000406, 89, 90, ZIP, 3701, 40, 92.525000, 89, 90, 
sess0005, 000407, 89, 91, ZIP, 3724, 40, 93.100000, 89, 91, 
sess0005, 000414, 89, 91, ZIP, 3789, 40, 94.725000, 89, 91, 
sess0005, 000415, 88, 91, ZIP, 3840, 40, 96.000000, 88, 91, 
sess0005, 000416, 88, 94, ZIP, 3859, 40, 96.475000, 88, 94, 
sess0005, 000431, 91, 94, ZIP, 3924, 40, 98.100000, 91, 94, 
sess0005, 000441, 90, 94, ZIP, 3983, 40, 99.575000, 90, 94, 
sess0005, 000451, 92, 94, ZIP, 4070, 40, 101.750000, 92, 94, 
sess0005, 000456, 92, 94, ZIP, 4155, 40, 103.875000, 92, 94, 
sess0005, 000457, 92, 95, ZIP, 4161, 40, 104.025000, 92, 95, 
sess0005, 000457, 91, 95, ZIP, 4192, 40, 104.800000, 91, 95, 
sess0005, 000466, 91, 93, ZIP, 4248, 40, 106.200000, 91, 93, 
sess0005, 000467, 90, 93, ZIP, 4294, 40, 107.350000, 90, 93, 
sess0005, 000468, 90, 93, ZIP, 4370, 40, 109.250000, 90, 93, 
sess0005, 000482, 91, 94, ZIP, 4430, 40, 110.750000, 91, 94, 
sess0005, 000482, 91, 94, ZIP, 4457, 40, 111.425000, 91, 94, 
sess0005, 000488, 90, 94, ZIP, 4493, 40, 112.325000, 90, 94, 
sess0005, 000499, 91, 94, ZIP, 4561, 40, 114.025000, 91, 94, 
sess0005, 000505, 92, 94, ZIP, 4624, 40, 115.600000, 92, 94, 
sess0005, 000509, 91, 94, ZIP, 4691, 40, 117.275000, 91, 94, 
sess0005, 000513, 92, 93, ZIP, 4718, 40, 117.950000, 92, 93, 
sess0005, 000515, 92, 93, ZIP, 4800, 40, 120.000000, 92, 93, 
sess0005, 000515, 92, 93, ZIP, 4863, 40, 121.575000, 92, 93, 
sess0005, 000516, 91, 93, ZIP, 4915, 40, 122.875000, 91, 93, 
sess0005, 000522, 91, 95, ZIP, 4989, 40, 124.725000, 91, 95, 
sess0005, 000530, 91, 95, ZIP, 5011, 40, 125.275000, 91, 95, 
sess0005, 000540, 89, 92, ZIP, 5054, 40, 126.350000, 89, 92, 
sess0005, 000547, 90, 92, ZIP, 5098, 40, 127.450000, 90, 92, 
sess0005, 000554, 90, 94, ZIP, 5139, 40, 128.475000, 90, 94, 
sess0005, 000565, 90, 93, ZIP, 5197, 40, 129.925000, 90, 93, 
sess0005, 000567, 89, 92, ZIP, 5245, 40, 131.125000, 89, 92, 
sess0005, 000568, 89, 92, ZIP, 5279, 40, 131.975000, 89, 92, 
sess0005, 000569, 89, 92, ZIP, 5342, 40, 133.550000, 89, 92, 
sess0005, 000569, 88, 94, ZIP, 5414, 40, 135.350000, 88, 94, 
sess0005, 000575, 90, 93, ZIP, 5451, 40, 136.275000, 90, 93, 
sess0005, 000576, 90, 92, ZIP, 5509, 40, 137.725000, 90, 92, 
sess0005, 000579, 90, 92, ZIP, 5573, 40, 139.325000, 90, 92, 
sess0005, 000581, 90, 91, ZIP, 5633, 40, 140.825000, 90, 91, 
sess0005, 000588, 89, 91, ZIP, 5692, 40, 142.300000, 89, 91, 
sess0005, 000589, 89, 100, ZIP, 5777, 40, 144.425000, 89, 100, 
sess0005, 000596, 89, 91, ZIP, 5832, 40, 145.800000, 89, 91, 
sess0005, 000599, 90, 91, ZIP, 5882, 40, 147.050000, 90, 91, 
sess0005, 000600, 90, 91, ZIP, 5882, 40, 147.050000, 90, 91, 
